Job ID,Job URL,Job Title,Company Name,Status,Timestamp,WP ID
6afef62fd26e7f27,https://py.linkedin.com/jobs/view/security-specialist-at-nestl%C3%A9-4436379306,Security Specialist,Nestlé,posted,2026-07-07T02:02:14.516500,22
72730970bbe4907f,https://py.linkedin.com/jobs/view/recruitment-coordinator-at-national-services-group-inc-4436425448,Recruitment Coordinator,,scraped,2026-07-07T02:02:17.207660,
187ad1aaeccf5053,https://py.linkedin.com/jobs/view/mobility-transport-and-urban-planning-experts-at-ntu-international-a-s-4437149477,"Mobility, Transport and Urban Planning Experts",,scraped,2026-07-07T02:02:54.842245,
c3c37fcee1574af5,https://py.linkedin.com/jobs/view/bookkeeper-at-cs-outsource-4436013290,Bookkeeper,CS Outsource,posted,2026-07-07T02:03:10.027587,24
4bcf29d868095ef6,https://py.linkedin.com/jobs/view/outbound-calls-representative-with-english-at-customerumbrella-4436766693,Outbound Calls Representative with English,,scraped,2026-07-07T02:03:12.629511,
152e7668193284e6,https://py.linkedin.com/jobs/view/dba-de-aplicaciones-de-oracle-at-sodep-s-a-4433121561,DBA de aplicaciones de Oracle,,scraped,2026-07-07T02:04:27.688470,
afe0a1cb5fa3a4b9,https://py.linkedin.com/jobs/view/comprador-a-mt-at-inovant-rh-4433762455,Comprador(a) - MT,,scraped,2026-07-07T02:04:35.332675,
b12ccf9ea7da9771,https://py.linkedin.com/jobs/view/community-manager-at-symmetry-4433744872,Community Manager,,scraped,2026-07-07T02:04:41.858036,
b971115e17161dc3,https://py.linkedin.com/jobs/view/critical-raw-materials-experts-at-ntu-international-a-s-4437113636,Critical Raw Materials Experts,,scraped,2026-07-07T02:06:05.023686,
ee5a3d37ae4d73d1,https://py.linkedin.com/jobs/view/application-security-engineer-remote-work-at-bairesdev-4436216654,Application Security Engineer - Remote Work,BairesDev,posted,2026-07-07T02:06:20.433208,26
66c59e4985d355db,https://www.linkedin.com/jobs/view/11032/,"1,000+Senior Developer Contract Jobs in United States",,failed|wp_post_failed,2026-07-07T02:06:24.625132,
3f3400c578e7220c,https://py.linkedin.com/jobs/view/cerrador-de-base-de-datos-at-clt-sa-4433936602,Cerrador de Base de Datos,CLT SA,posted,2026-07-07T02:06:36.267871,28
83755e42099e35c0,https://py.linkedin.com/jobs/view/business-development-executive-at-deriv-4426652025,Business Development Executive,,scraped,2026-07-07T02:06:38.886347,
f859dc2797cb4a6d,https://py.linkedin.com/jobs/view/fashion-designer-at-all-out-4432793396,Fashion Designer,,scraped,2026-07-07T02:06:45.801343,
9f10438b5e0d5fa8,https://py.linkedin.com/jobs/view/cloud-engineer-at-skytel-4433972585,Cloud Engineer,SkyTel,posted,2026-07-07T02:07:56.549090,30
bead1f1414f09620,https://py.linkedin.com/jobs/view/conductor-profesional-b-at-sanitarios-roy-4431521176,Conductor profesional B,Sanitarios Roy,posted,2026-07-07T02:08:07.612765,32
647e5133cce6095e,https://py.linkedin.com/jobs/view/lead-field-service-representative-py-at-nalco-water-an-ecolab-company-4408569404,Lead Field Service Representative - PY,,scraped,2026-07-07T02:08:10.258504,
faa2e6b9ec44ad6f,https://py.linkedin.com/jobs/view/order-coordination-analyst-at-infobip-4416326421,Order Coordination Analyst,,scraped,2026-07-07T02:08:37.755200,
1773ffe3ae1c9d15,https://py.linkedin.com/jobs/view/operador-a-nueva-toledo-at-cargill-4427046149,Operador (a) - Nueva Toledo,Cargill,posted,2026-07-07T02:09:05.571049,34
00c968fc3f247de7,https://py.linkedin.com/jobs/view/dise%C3%B1ador-pre-prensa-at-lavoro-4433963272,Diseñador Pre Prensa,,scraped,2026-07-07T02:09:08.147444,
2cec35b4a1051877,https://py.linkedin.com/jobs/view/data-analyst-junior-at-ey-4385638020,Data Analyst Junior,EY,posted,2026-07-07T02:09:43.564258,36
9a525cfc73ae0087,https://py.linkedin.com/jobs/view/customer-delivery-analyst-at-infobip-4406235083,Customer Delivery Analyst,,scraped,2026-07-07T02:09:46.685415,
93ed27285455ca66,https://py.linkedin.com/jobs/view/senior-product-manager-at-apply-4398599875,Senior Product Manager,,scraped,2026-07-07T02:09:53.087546,
166fa455931344bf,https://py.linkedin.com/jobs/view/junior-bilingual-attorney-licensed-in-paraguay-at-limeres-4433914088,Junior Bilingual Attorney Licensed in Paraguay,,scraped,2026-07-07T02:10:00.369113,
a1729cc019c9e1b4,https://py.linkedin.com/jobs/view/marketing-specialist-at-cs-outsource-4436241734,Marketing Specialist,,scraped,2026-07-07T02:10:07.893320,
8883e8b650b2b9ef,https://py.linkedin.com/jobs/view/backend-developer-node-js-at-applaudo-4436144995,Backend Developer (Node.js),,scraped,2026-07-07T02:10:24.144073,
46f79daa223ced5d,https://py.linkedin.com/jobs/view/analista-de-compras-sr-at-yazaki-mercosul-4435565954,Analista de Compras Sr,Yazaki Mercosul,posted,2026-07-07T02:10:44.184525,38
9fe50961f4e65d6e,https://py.linkedin.com/jobs/view/inside-sales-representative-at-elvtr-4435837656,Inside Sales Representative,,scraped,2026-07-07T02:10:46.831996,
e738241a3b1651e4,https://py.linkedin.com/jobs/view/auxiliar-de-facturaci%C3%B3n-at-jauser-paraguay-soluciones-log%C3%ADsticas-4435294479,Auxiliar de Facturación,,scraped,2026-07-07T02:11:08.784946,
ab061dc03b6249e5,https://py.linkedin.com/jobs/view/marketing-executive-at-mindset-paraguay-4433963939,Marketing Executive,,scraped,2026-07-07T02:11:15.992235,
75a8b0cfa47e085e,https://py.linkedin.com/jobs/view/capo-reparto-ga-sa-fo-at-gruppo-futura-4436376329,CAPO REPARTO GA.SA.FO.,,scraped,2026-07-07T02:11:22.113387,
463d38e7269a1dfb,https://py.linkedin.com/jobs/view/outbond-call-sales-agent-argentinian-market-at-best-service-team-4436754114,Outbond Call Sales Agent (Argentinian market),,scraped,2026-07-07T02:11:29.139870,
cf0839a536958de0,https://py.linkedin.com/jobs/view/vendedor-at-semar-s-r-l-4433983669,Vendedor,,scraped,2026-07-07T02:12:28.030878,
7a92f58e0df90f90,https://py.linkedin.com/jobs/view/tech-lead-salesforce-commerce-cloud-at-apply-4436303372,Tech Lead (Salesforce Commerce Cloud),,scraped,2026-07-07T02:12:36.421465,
fbc1bd4264cd4939,https://py.linkedin.com/jobs/view/qa-automation-engineer-node-js-distributed-systems-at-applaudo-4436139574,QA Automation Engineer (Node.js & Distributed Systems),,scraped,2026-07-07T02:12:43.300327,
b3127fa7a596e943,https://py.linkedin.com/jobs/view/talent-network-marketing-specialist-at-toptal-4427649053,Talent Network: Marketing Specialist,,scraped,2026-07-07T02:12:49.945787,
104fb7ef16cf8081,https://py.linkedin.com/jobs/view/gerente-comercial-at-manpowergroup-paraguay-4437469593,Gerente comercial,,scraped,2026-07-07T02:14:00.694830,
e9af855b20ed52bb,https://py.linkedin.com/jobs/view/coordenadora-fiscal-mt-at-inovant-rh-4433768605,Coordenadora Fiscal - MT,,scraped,2026-07-07T02:14:07.387717,
cd73a103276c1840,https://py.linkedin.com/jobs/view/latin-american-voice-actor-fully-remote-upto-%24150-hr-at-mercor-4427143832,Latin American Voice Actor - Fully Remote | Upto $150/hr,,scraped,2026-07-07T02:14:14.147351,
0e725dec69723658,https://py.linkedin.com/jobs/view/tech-lead-atm-%231009566-at-dexian-4435468055,Tech Lead ATM #1009566,,scraped,2026-07-07T02:14:29.179719,
ab0b78ce1f77f5c8,https://py.linkedin.com/jobs/view/contador-senior-at-lotomedco-4437713301,Contador Senior,,scraped,2026-07-07T02:14:56.087943,
026734df5a101cdd,https://py.linkedin.com/jobs/view/asesor-comercial-digital-4433109905,Asesor Comercial Digital,Proveedor S.A.,posted,2026-07-07T02:15:08.824365,40
5d9250c46e0b388f,https://py.linkedin.com/jobs/view/tecnico-de-servicio-at-otis-elevator-co-4436019927,Tecnico de Servicio,,scraped,2026-07-07T02:15:11.487930,
b40a781ed216f802,https://py.linkedin.com/jobs/view/dise%C3%B1ador-de-sistemas-el%C3%A9ctricos-at-santa-monica-consultora-4433946997,Diseñador de sistemas eléctricos,Santa Monica Consultora,posted,2026-07-07T02:15:47.332409,42
2b9f89062a899545,https://py.linkedin.com/jobs/view/dise%C3%B1ador-gr%C3%A1fico-at-pargos-tech-4433944839,Diseñador Gráfico,,scraped,2026-07-07T02:15:49.912262,
df975c2d89ff82f8,https://py.linkedin.com/jobs/view/software-development-engineer-in-test-pro-at-kraken-4416721074,Software Development Engineer in Test - Pro,,scraped,2026-07-07T02:15:56.446718,
e1ff0908b2d2336b,https://py.linkedin.com/jobs/view/spanish-interpreter-asuncion-paraguay-at-propio-language-services-4433976263,"Spanish Interpreter - Asuncion,Paraguay",,scraped,2026-07-07T02:16:13.948181,
39e6c7a7b440e99d,https://py.linkedin.com/jobs/view/vendedor-comercial-que-hable-portugues-at-cr-consultores-4433960121,VENDEDOR COMERCIAL QUE HABLE PORTUGUES,,scraped,2026-07-07T02:16:22.378021,
238d6d414bb2bf3f,https://py.linkedin.com/jobs/view/spanish-interpreter-paraguay-at-propio-language-services-4433962701,Spanish Interpreter - Paraguay,,scraped,2026-07-07T02:16:35.412923,
125a4ef1bcf1b798,https://py.linkedin.com/jobs/view/desarrollador-full-stack-senior-at-esmassiva-4433993297,Desarrollador Full Stack Senior,,scraped,2026-07-07T02:16:51.726529,
e03e440aab8314ab,https://py.linkedin.com/jobs/view/hr-total-rewards-sr-analyst-at-nestl%C3%A9-4436122753,HR Total Rewards Sr. Analyst,Nestlé,posted,2026-07-07T02:18:15.005582,44
dcf4f0f59c69de08,https://py.linkedin.com/jobs/view/sustainable-finance-experts-at-ntu-international-a-s-4436756353,Sustainable Finance Experts,,scraped,2026-07-07T02:18:17.574018,
59cc0e1cbbcb3f2a,https://py.linkedin.com/jobs/view/representante-de-field-service-despacho-b2b-at-millicom-tigo-4436397214,Representante de Field Service Despacho B2B,,scraped,2026-07-07T02:18:25.028948,
fb64d90669803579,https://py.linkedin.com/jobs/view/nespresso-accounting-analyst-at-nestl%C3%A9-4436441351,Nespresso Accounting Analyst,Nestlé,posted,2026-07-07T02:18:39.996172,46
033f5de37b78deee,https://py.linkedin.com/jobs/view/blockchain-engineer-remote-work-at-bairesdev-4436232659,Blockchain Engineer - Remote Work,,scraped,2026-07-07T02:18:42.651824,
035ddcb9b3644261,https://py.linkedin.com/jobs/view/coordinador-de-planificacion-field-service-at-millicom-tigo-4437452093,Coordinador de Planificacion Field Service,,scraped,2026-07-07T02:18:57.145372,
65a05486e63693df,https://py.linkedin.com/jobs/view/analista-de-auditoria-y-mpd-at-bebidas-del-paraguay-4434683942,Analista de Auditoria y MPD,,scraped,2026-07-07T02:19:03.437277,
0d6d57e1f7565bc4,https://py.linkedin.com/jobs/view/asistente-junior-de-datos-maestros-at-nestl%C3%A9-4436426831,Asistente Junior de Datos Maestros,Nestlé,posted,2026-07-07T02:19:18.592704,48
24206d231e68964e,https://py.linkedin.com/jobs/view/it-operations-engineer-at-deriv-4435232806,IT Operations Engineer,,scraped,2026-07-07T02:19:21.319158,
23329c50f270f54e,https://py.linkedin.com/jobs/view/office-based-call-center-agent-central-paraguay-at-srr-group-4436701001,"Office-based_Call Center Agent (Central, Paraguay)",SRR Group,posted,2026-07-07T02:20:08.402695,50
6fa2898921554794,https://py.linkedin.com/jobs/view/staff-en-tecnolog%C3%ADa-programador-at-ey-4399066276,Staff en Tecnología - Programador,EY,posted,2026-07-07T02:20:19.135029,52
a593b69a39f175f5,https://py.linkedin.com/jobs/view/ux-ui-designer-at-the-flex-4436376680,UX/UI Designer,,scraped,2026-07-07T02:20:21.764090,
4365017e74ead5f2,https://py.linkedin.com/jobs/view/tech-lead-salesforce-crm-at-apply-4437458723,Tech Lead (Salesforce CRM),,scraped,2026-07-07T02:20:28.827704,
9a3a7b9a661a064c,https://py.linkedin.com/jobs/view/ingeniero-a-de-calidad-qa-automatizaci%C3%B3n-at-ey-4385036903,Ingeniero(a) de Calidad (QA) & Automatización,EY,posted,2026-07-07T02:20:44.968801,54
68ec7bceec04650b,https://py.linkedin.com/jobs/view/analista-sr-de-inteligencia-de-negocios-at-millicom-tigo-4435860243,Analista Sr de Inteligencia de Negocios,,scraped,2026-07-07T02:20:47.542385,
f0fe31c45ff00336,https://py.linkedin.com/jobs/view/virtual-assistant-at-cs-outsource-4435795973,Virtual Assistant,,scraped,2026-07-07T02:20:54.790036,
7bf3286ff1ef547d,https://py.linkedin.com/jobs/view/desarrollador-a-net-full-stack-web-at-ey-4385054122,Desarrollador(a) .NET - Full-Stack Web,EY,posted,2026-07-07T02:21:10.366954,56
6cf8daea551975ce,https://py.linkedin.com/jobs/view/senior-technical-support-engineer-upto-%2450k-yr-at-mercor-4416782968,Senior Technical Support Engineer | Upto $50K/yr,,scraped,2026-07-07T02:21:12.939373,
1b2ee5814be6d611,https://py.linkedin.com/jobs/view/software-development-engineer-in-test-ii-sdet-ii-pro-at-kraken-4415709949,Software Development Engineer in Test II (SDET II) - Pro,,scraped,2026-07-07T02:21:20.310339,
c412ced8201c8307,https://py.linkedin.com/jobs/view/sr-qa-automation-engineer-at-apply-4371003607,Sr QA Automation Engineer,,scraped,2026-07-07T02:21:34.594901,
c511d258dd0c1863,https://py.linkedin.com/jobs/view/encargado-de-dep%C3%B3sito-at-bebidas-del-paraguay-4435231726,Encargado de Depósito,,scraped,2026-07-07T12:17:38.859350,
4ef724a638905975,https://py.linkedin.com/jobs/view/asesor-de-servicio-al-cliente-at-dhl-express-4436469356,Asesor de Servicio al Cliente,DHL Express,posted,2026-07-07T12:17:58.838086,58
860bc6ef3ea17d7c,https://py.linkedin.com/jobs/view/l%C3%ADder-de-equipo-de-ventas-at-tripleten-indonesia-4433131818,Líder de Equipo de Ventas,TripleTen Indonesia,posted,2026-07-07T12:18:13.684721,60
089d4b04ab68581e,https://py.linkedin.com/jobs/view/l%C3%ADder-de-equipo-de-ventas-at-tripleten-4436442515,Líder de Equipo de Ventas,TripleTen,posted,2026-07-07T12:18:24.202873,62
76bea522fa276c08,https://py.linkedin.com/jobs/view/asistente-generalista-de-talento-humano-at-ey-4385047261,Asistente Generalista de Talento Humano,EY,posted,2026-07-07T12:18:34.638142,64
f21322a4d9d9fa67,https://py.linkedin.com/jobs/view/event-project-manager-at-deriv-4426627718,Event Project Manager,,scraped,2026-07-07T12:18:43.296527,
f720b57c4b47ed7c,https://py.linkedin.com/jobs/view/solutions-consultant-full-time-at-inair-4436495316,Solutions Consultant (Full Time),InAir,posted,2026-07-07T12:19:11.586790,66
8c4026941bb02506,https://py.linkedin.com/jobs/view/coordenadora-fiscal-at-inovant-rh-4436297184,Coordenadora Fiscal,,scraped,2026-07-07T12:19:18.046040,
7e8f5a709e0bedbd,https://py.linkedin.com/jobs/view/analista-jr-funcional-de-proyectos-at-millicom-tigo-4436783503,Analista Jr Funcional de Proyectos,,scraped,2026-07-07T12:19:24.631093,
39717365b4c3b9e6,https://py.linkedin.com/jobs/view/atenci%C3%B3n-al-cliente-at-liv-clinic-4434544199,Atención al cliente,,scraped,2026-07-07T12:19:31.400999,
d2c8e6017e876f55,https://py.linkedin.com/jobs/view/programme-manager-no-4-ft-%2300133767-asuncion-%E2%80%93-paraguay-lacr-at-unicef-4436772157,"Programme Manager (NO-4), FT, #00133767, Asuncion – Paraguay, LACR",UNICEF,posted,2026-07-07T12:19:44.837433,68
59a04382619ff40c,https://py.linkedin.com/jobs/view/health-experts-at-ntu-international-a-s-4437181527,Health Experts,,scraped,2026-07-07T12:19:51.488538,
e9eb6fdc52b20980,https://py.linkedin.com/jobs/view/analista-de-gestion-de-reportes-comerciales-at-millicom-tigo-4437438734,Analista de Gestion de Reportes Comerciales,,scraped,2026-07-07T12:20:00.734376,
3512804d07fc5bcb,https://py.linkedin.com/jobs/view/asistente-de-marketing-at-ibra-import-s-r-l-4434537058,Asistente de marketing,,scraped,2026-07-07T12:20:07.296957,
0352352356b494c4,https://py.linkedin.com/jobs/view/asesor-t%C3%A9cnico-comercial-at-atp-paraguay-4433710397,Asesor técnico comercial,,scraped,2026-07-07T12:20:15.905007,
e39200e630f5efad,https://py.linkedin.com/jobs/view/auxiliar-administrativo-cobrador-at-sgf-global-4437191012,Auxiliar administrativo/cobrador,SGF Global,posted,2026-07-07T12:20:36.338973,70
e7f0b88a24c033f5,https://py.linkedin.com/jobs/view/education-research-and-innovation-experts-at-ntu-international-a-s-4437401533,"Education, Research and Innovation Experts",,scraped,2026-07-07T12:20:39.011483,
b8467cf3e47b19ae,https://py.linkedin.com/jobs/view/dise%C3%B1ador-gr%C3%A1fico-at-san-jose-import-export-s-a-4434515974,Diseñador gráfico,,scraped,2026-07-07T12:20:46.254911,
53c8d812720838d7,https://py.linkedin.com/jobs/view/security-compliance-engineer-at-yuno-4437705584,Security Compliance Engineer,Yuno,posted,2026-07-07T12:21:01.556507,72
56745894aae3b5f2,https://py.linkedin.com/jobs/view/preventista-ciudad-del-este-at-bebidas-del-paraguay-4434695467,Preventista Ciudad del Este,,scraped,2026-07-07T12:21:03.936998,
264848de31189fbf,https://py.linkedin.com/jobs/view/climate-change-and-circular-economy-experts-at-ntu-international-a-s-4437148119,Climate Change and Circular Economy Experts,,scraped,2026-07-07T12:21:10.719840,
1f72406ef9546d86,https://py.linkedin.com/jobs/view/operations-assistant-at-cs-outsource-4435267255,Operations Assistant,CS Outsource,posted,2026-07-07T12:21:24.987628,74
5e29015679b22c56,https://py.linkedin.com/jobs/view/auxiliar-de-inventario-at-compulandia-4433105545,Auxiliar de inventario,Compulandia,posted,2026-07-07T12:21:41.778049,76
e838b94299509477,https://py.linkedin.com/jobs/view/crm-cvm-lifecycle-retention-marketing-lead-us-b2c-subscription-only-at-jobhire-ai-4437758926,CRM/ CVM / Lifecycle/Retention Marketing Lead (US b2c subscription only),JobHire.AI,posted,2026-07-07T12:21:53.953274,78
abf7a99eb92005e5,https://py.linkedin.com/jobs/view/python-backend-developer-at-unosquare-4436298340,Python Backend Developer,unosquare,posted,2026-07-07T12:22:04.217497,80
fba16f65cacc9e47,https://py.linkedin.com/jobs/view/global-governance-and-security-experts-at-ntu-international-a-s-4437403547,Global Governance and Security Experts,,scraped,2026-07-07T12:22:08.955239,
b9d444189b7ca3b0,https://py.linkedin.com/jobs/view/digital-experts-at-ntu-international-a-s-4437152990,Digital Experts,,scraped,2026-07-07T12:22:16.082632,
0b1a5db9356c1b4a,https://py.linkedin.com/jobs/view/sustainable-energy-experts-at-ntu-international-a-s-4437114629,Sustainable Energy Experts,,scraped,2026-07-07T12:22:23.548979,
267dd83bbf83fe40,https://py.linkedin.com/jobs/view/talent-acquisition-sr-analyst-at-nestl%C3%A9-4437481593,Talent Acquisition SR Analyst,Nestlé,posted,2026-07-07T12:22:42.675171,82
648b7b7645034b5c,https://py.linkedin.com/jobs/view/inclusive-and-sustainable-economic-integration-experts-at-ntu-international-a-s-4436740193,Inclusive and Sustainable Economic Integration Experts,,scraped,2026-07-07T12:22:45.327012,
62ca649462cb7da2,https://py.linkedin.com/jobs/view/customer-success-engineer-fully-remote-at-mercor-4427915287,Customer Success Engineer - Fully Remote,Mercor,posted,2026-07-07T12:23:07.859982,84
d495a71ce5f9b685,https://py.linkedin.com/jobs/view/senior-inventory-cost-of-goods-sold-analyst-at-solventum-4436409556,Senior Inventory & Cost of Goods Sold Analyst,Solventum,posted,2026-07-07T12:23:22.356715,86
305bd0048e111e07,https://py.linkedin.com/jobs/view/angular-developer-at-unosquare-4414026536,Angular Developer,unosquare,posted,2026-07-07T12:23:30.603511,88
663c5d1382f04a59,https://py.linkedin.com/jobs/view/desarrollador-full-stack-senior-at-esmassiva-4433993315,Desarrollador Full Stack Senior,,scraped,2026-07-07T12:23:33.271065,
449c6e0bb83f0a56,https://py.linkedin.com/jobs/view/analista-de-gesti%C3%B3n-de-procesos-4432359894,Analista de gestión de procesos,GRUPO FAVERO,posted,2026-07-07T12:23:55.433110,90
c3d0f7f7cc024b45,https://py.linkedin.com/jobs/view/district-representative-ii-%E2%80%93-py-at-nalco-water-an-ecolab-company-4408708649,District Representative II – PY,"Nalco Water, An Ecolab Company",posted,2026-07-07T12:24:09.395002,92
de6bdcd979ebc35c,https://py.linkedin.com/jobs/view/it-recruiter-remote-work-at-bairesdev-4436831703,IT Recruiter - Remote Work,BairesDev,posted,2026-07-07T20:33:12.652525,94
3b4e3f2cc3c43ad4,https://py.linkedin.com/jobs/view/transaction-coordinator-at-cs-outsource-4436840695,Transaction Coordinator,CS Outsource,posted,2026-07-07T20:33:21.344610,96
3e665bb6921e0210,https://py.linkedin.com/jobs/view/skills-role-content-specialist-remote-work-at-bairesdev-4436850058,Skills & Role Content Specialist - Remote Work,BairesDev,posted,2026-07-07T20:33:33.222413,98
cfc82cbde1a6a996,https://py.linkedin.com/jobs/view/office-based-call-center-agent-ciudad-del-este-paraguay-at-srr-group-4436186613,"Office-based_Call Center Agent (Ciudad del Este, Paraguay)",SRR Group,posted,2026-07-07T20:33:52.638414,100
81ee3dc55cd4a50f,https://py.linkedin.com/jobs/view/asistente-de-dep%C3%B3sito-at-louis-dreyfus-company-4431517652,ASISTENTE DE DEPÓSITO,Louis Dreyfus Company,posted,2026-07-07T20:34:08.350924,102
6ee500cba3857b0f,https://py.linkedin.com/jobs/view/project-manager-specialist-at-nestl%C3%A9-4436764580,Project Manager Specialist,Nestlé,posted,2026-07-07T20:34:18.848921,104
fbcad7acd8e90d3a,https://py.linkedin.com/jobs/view/creador-a-de-contenido-pov-para-ia-remoto-at-toloka-annotators-4437750984,Creador(a) de Contenido POV para IA - Remoto,Toloka Annotators,posted,2026-07-07T20:34:29.929353,106
c908ae4e3b6e9f47,https://py.linkedin.com/jobs/view/analista-de-reclutamiento-y-seleccion-at-millicom-tigo-4436379976,Analista de Reclutamiento y Seleccion,,scraped,2026-07-07T20:34:32.612639,
f562f0e0d9408d74,https://py.linkedin.com/jobs/view/entrenador-comercial-at-evoltis-4433981353,Entrenador Comercial,,scraped,2026-07-07T20:34:39.348359,
d50df43ec80a3095,https://py.linkedin.com/jobs/view/asistente-legal-at-ey-4381055183,Asistente Legal,EY,posted,2026-07-07T20:34:54.970998,108
c9fb226ef40ca3fc,https://py.linkedin.com/jobs/view/partnership-lead-at-entrepreneur-cooperative-4437856934,Partnership Lead,Entrepreneur Cooperative,posted,2026-07-07T20:35:02.949546,110
d2764153f9c272df,https://py.linkedin.com/jobs/view/analista-de-capacitaci%C3%B3n-e-learning-at-fundaci%C3%B3n-paraguaya-4434559941,Analista de Capacitación E-learning,,scraped,2026-07-07T20:35:11.639469,
f22dc5b4cfd50289,https://py.linkedin.com/jobs/view/herrero-y-soldador-at-la-offi-s-a-4437711923,Herrero y Soldador,,scraped,2026-07-07T20:35:25.405367,
f4fbb9243afece90,https://py.linkedin.com/jobs/view/accounting-and-finance-supervisor-at-van-hessen-4435839516,Accounting and Finance Supervisor,,scraped,2026-07-07T20:35:33.949171,
f31f8966e8f53d23,https://py.linkedin.com/jobs/view/dise%C3%B1ador-gr%C3%A1fico-at-coexma-s-r-l-4434577281,Diseñador gráfico,Coexma S.R.L.,posted,2026-07-07T20:35:58.129372,112
0ff477239a402ba1,https://py.linkedin.com/jobs/view/supervisor-de-servicios-industriales-4434538717,Supervisor de Servicios Industriales,ANONIMO,posted,2026-07-07T20:36:08.994856,114
fdf1357c91a8e911,https://py.linkedin.com/jobs/view/analista-contable-at-fundaci%C3%B3n-paraguaya-4416846246,Analista Contable,,scraped,2026-07-07T20:36:11.566121,
f33733ea8b459e6d,https://py.linkedin.com/jobs/view/analista-de-n%C3%B3mina-y-beneficios-at-fundaci%C3%B3n-paraguaya-4434562828,Analista de Nómina y Beneficios,,scraped,2026-07-07T20:36:23.587387,
b749d4530eb7a592,https://py.linkedin.com/jobs/view/dise%C3%B1ador-gr%C3%A1fico-at-hogar-feliz-4433939714,Diseñador Gráfico,Hogar Feliz,posted,2026-07-07T20:36:43.127194,116
df78a562028748c2,https://py.linkedin.com/jobs/view/ejecutivo-comercial-de-alianzas-digitales-at-sancor-seguros-del-paraguay-4434544424,Ejecutivo Comercial de Alianzas Digitales,,scraped,2026-07-07T20:36:47.812355,
8d8630b7157eecde,https://py.linkedin.com/jobs/view/fullstack-developer-senior-python-django-%2B-react-remote-latin-america-at-bluelight-4437859708,"Fullstack Developer (Senior) - Python (Django) + React - Remote, Latin America",Bluelight,posted,2026-07-07T20:37:09.260149,118
8d82c95e13fab4cb,https://py.linkedin.com/jobs/view/ejecutivo-comercial-at-capital-cr%C3%A9ditos-s-a-4434565460,Ejecutivo Comercial,,scraped,2026-07-07T20:37:11.888864,
ceaf6fd3b22ea05f,https://py.linkedin.com/jobs/view/analista-desarrollador-back-end-at-diviserv-s-a-4433990072,Analista/Desarrollador Back-end,,scraped,2026-07-07T20:37:18.729709,
2f0f7bebdb2a58f7,https://py.linkedin.com/jobs/view/programme-manager-no-4-ft-%2300133767-asuncion-%E2%80%93-paraguay-lacr-at-unicef-chad-4433727783,"Programme Manager (NO-4), FT, #00133767, Asuncion – Paraguay, LACR",Unicef CHAD,posted,2026-07-07T20:37:31.068208,68
8ffe84cba8be08f9,https://py.linkedin.com/jobs/view/responsable-de-modelado-de-datos-bi-y-factibilidad-finanzas-analytics-at-talent-connect-4435038669,"Responsable de Modelado de Datos, BI, y Factibilidad - Finanzas & Analytics",Talent Connect,posted,2026-07-07T20:37:43.844095,120
6db030002881af81,https://py.linkedin.com/jobs/view/departamento-de-finanzas-responsable-de-modelado-de-datos-bi-y-factibilidad-at-talent-connect-4435489044,"Departamento de Finanzas - Responsable de Modelado de Datos, BI, y Factibilidad",Talent Connect,posted,2026-07-07T20:37:53.898140,122
ca8183da6b833593,https://py.linkedin.com/jobs/view/dise%C3%B1ador-gr%C3%A1fico-at-grupo-mass-4434531886,Diseñador gráfico,,scraped,2026-07-07T20:37:56.502696,
ef74f034c80a601c,https://py.linkedin.com/jobs/view/coordinatore-di-turno-delivery-at-gruppo-futura-4437762931,COORDINATORE DI TURNO DELIVERY,,scraped,2026-07-07T20:38:11.855807,
707b355d0ed552e8,https://py.linkedin.com/jobs/view/analista-de-contabilidad-at-vac-consultores-4434505051,Analista de contabilidad,VAC CONSULTORES,posted,2026-07-07T20:39:02.998675,124
b4ab8446b2d8bad4,https://py.linkedin.com/jobs/view/guaran%C3%AD-language-specialist-freelance-ai-trainer-project-at-meridial-marketplace-by-invisible-4286261500,Guaraní Language Specialist - Freelance AI Trainer Project,"Meridial Marketplace, by Invisible",posted,2026-07-07T20:39:14.508846,126
e634f9dfd04348c3,https://py.linkedin.com/jobs/view/pasante-it-at-experis-4433966877,Pasante IT,Experis,posted,2026-07-07T20:39:27.347989,128
8978e0796a94450b,https://py.linkedin.com/jobs/view/ingeniero-industrial-jr-comercial-zona-de-capiat%C3%A1-at-estelar-4434538900,Ingeniero Industrial Jr. (Comercial) - Zona de Capiatá,,scraped,2026-07-07T20:39:29.977305,
ea8c7a45993a97ba,https://py.linkedin.com/jobs/view/devops-i%2Bd-trabajo-remoto-at-bairesdev-4436212970,DevOps / I+D - Trabajo Remoto,BairesDev,posted,2026-07-07T20:39:50.151522,130
b96fe45d62258786,https://py.linkedin.com/jobs/view/paraguay-online-language-school-franchise-partnership-at-lingua-learn-franchise-group-4437197804,Paraguay Online Language School Franchise Partnership,Lingua Learn Franchise Group,posted,2026-07-07T20:40:04.839673,132
3e9288439cab55a4,https://py.linkedin.com/jobs/view/sales-support-associate-at-infobip-4394718489,Sales Support Associate,,scraped,2026-07-07T20:40:13.566819,
f589b087ee85ff45,https://py.linkedin.com/jobs/view/asistente-outsourcing-contable-y-tributario-at-ey-4417836384,Asistente Outsourcing Contable y Tributario,EY,posted,2026-07-07T20:40:31.419845,134
1ff454569dea3992,https://py.linkedin.com/jobs/view/sap-security-senior-analyst-at-solventum-4418948887,SAP Security Senior Analyst,Solventum,posted,2026-07-07T20:40:45.689191,136
abed9005ac461ed8,https://py.linkedin.com/jobs/view/ingeniero-de-plataforma-de-datos-at-millicom-tigo-4436388707,Ingeniero de Plataforma de Datos,,scraped,2026-07-07T20:40:48.353035,
1b4f459cf7d3124a,https://py.linkedin.com/jobs/view/analista-tecnico-del-nec-at-millicom-tigo-4437794256,Analista Tecnico del Nec,,scraped,2026-07-07T20:40:59.157098,
24c1b464cf804e2c,https://py.linkedin.com/jobs/view/staffing-fronters-consultant-remote-work-at-bairesdev-4436860400,Staffing Fronters Consultant - Remote Work,BairesDev,posted,2026-07-08T06:46:15.065986,148
d4f6e811cd936558,https://py.linkedin.com/jobs/view/entrepreneur-in-residence-eir-at-the-flex-4436942439,Entrepreneur in Residence (EIR),,scraped,2026-07-08T06:46:37.780821,
8daa3768d59dfa82,https://py.linkedin.com/jobs/view/marketing-manager-mobile-top-up-at-idt-corporation-4437495210,Marketing Manager - Mobile Top Up,IDT Corporation,posted,2026-07-08T06:47:17.316260,150
d240e66226de1f53,https://py.linkedin.com/jobs/view/buscamos-docentes-de-emprendimiento-innovaci%C3%B3n-y-gesti%C3%B3n-de-proyectos-at-instituto-de-dise%C3%B1o-y-tecnolog%C3%ADa-idt-4434580436,"Buscamos docentes de Emprendimiento, Innovación y Gestión de Proyectos",Instituto de Diseño y Tecnología (IDT),posted,2026-07-08T06:47:30.883453,152
1c5d5d59715ebfac,https://py.linkedin.com/jobs/view/arquitecto-a-%E2%80%94-departamento-de-dise%C3%B1o-at-smf-constructora-4434580228,Arquitecto/a — Departamento de Diseño,SMF Constructora,posted,2026-07-08T06:47:59.807128,154
aaa852837b655270,https://py.linkedin.com/jobs/view/comercial-inmobiliario-at-re-max-executive-4433111997,Comercial inmobiliario,,scraped,2026-07-08T06:48:06.412137,
8d0d15df3f388bdc,https://py.linkedin.com/jobs/view/fullstack-developer-senior-python-django-%2B-react-remote-latin-america-at-bluelight-4437864508,"Fullstack Developer (Senior) - Python (Django) + React - Remote, Latin America",Bluelight,posted,2026-07-08T06:48:17.470050,118
c1b7204f6764b8d8,https://py.linkedin.com/jobs/view/vendedor-de-suplementaci%C3%B3n-deportiva-4434581520,vendedor de suplementación deportiva,El negro suplementos,posted,2026-07-08T06:48:36.386426,156
023988d1eaf674e8,https://py.linkedin.com/jobs/view/analista-de-riesgos-4434579283,Analista de riesgos,EF EL FINANCIERO,posted,2026-07-08T06:49:01.966156,158
45714599222ac613,https://py.linkedin.com/jobs/view/encargado-local-de-ventas-turno-tarde-4434500245,Encargado local de ventas turno tarde,Panaderia La Negrita S.R.L.,posted,2026-07-08T06:49:17.963837,160
af34712d6aca5cbd,https://py.linkedin.com/jobs/view/scrum-master-remote-work-at-bairesdev-4436820482,Scrum Master - Remote Work,BairesDev,posted,2026-07-08T06:49:28.326499,162
810ba9328c86b14f,https://py.linkedin.com/jobs/view/encargado-de-dep%C3%B3sito-y-log%C3%ADstica-at-lotomedco-4433770802,Encargado de Depósito y Logística,,scraped,2026-07-08T06:49:30.914410,
7e6678dbc207f27b,https://py.linkedin.com/jobs/view/ai-video-creator-at-the-flex-4436764937,AI Video Creator,,scraped,2026-07-08T06:49:37.197097,
f5b733f58554a568,https://py.linkedin.com/jobs/view/machine-learning-engineer-remote-work-at-bairesdev-4436846833,Machine Learning Engineer - Remote Work,BairesDev,posted,2026-07-08T06:49:56.875467,164
068be7dc2ae8daf3,https://py.linkedin.com/jobs/view/new-business-fleet-card-territory-manager-at-impala-terminals-4438102268,New Business & Fleet Card Territory Manager,,scraped,2026-07-08T06:49:59.533735,
fd0e4ec81daf1ec6,https://py.linkedin.com/jobs/view/paid-media-specialist-at-compulandia-4433102634,Paid Media Specialist,Compulandia,posted,2026-07-08T06:50:19.682825,166
57aec5e64a8cc778,https://py.linkedin.com/jobs/view/consultor-a-sap-fico-senior-%E2%80%93-triling%C3%BCe-espa%C3%B1ol-portugu%C3%A9s-e-ingl%C3%A9s-%E2%80%93-100%25-remoto-paraguay-at-sapindex-4437458166,"Consultor/a SAP FICO Senior – Trilingüe (Español, Portugués e Inglés) – 100% Remoto - Paraguay",,scraped,2026-07-08T06:50:26.347153,
3d0caec525c158e3,https://py.linkedin.com/jobs/view/veterinario-residente-at-le-marche-4434588567,Veterinario Residente,Le Marche,posted,2026-07-08T06:50:47.719781,168
b40af9563a98f5b7,https://py.linkedin.com/jobs/view/gestor-de-ventas-%E2%80%93-tecnolog%C3%ADa-agr%C3%ADcola-y-agricultura-de-precisi%C3%B3n-paraguay-at-fjdynamics-4437724667,Gestor de Ventas – Tecnología Agrícola y Agricultura de Precisión (Paraguay),,scraped,2026-07-08T06:50:52.349533,
aeccdb7357d3a1c7,https://py.linkedin.com/jobs/view/desarrollador-full-stack-senior-at-esmassiva-4433991345,Desarrollador Full Stack Senior,,scraped,2026-07-08T06:51:01.846809,
1bad071cddaf2b70,https://py.linkedin.com/jobs/view/comprador-a-at-inovant-rh-4436501086,Comprador(a),,scraped,2026-07-08T13:20:22.715344,
5110df8f84e6c048,https://py.linkedin.com/jobs/view/asistente-de-compras-temporal-at-louis-dreyfus-company-4431525518,Asistente de Compras Temporal,Louis Dreyfus Company,posted,2026-07-08T13:20:47.414812,170
76aa1cbdc0dab34f,https://py.linkedin.com/jobs/view/consultor-de-la-propiedad-inmobiliaria-at-remax-exclusive-4434643049,Consultor de la propiedad inmobiliaria,,scraped,2026-07-08T13:21:24.076658,
9cc9fd62e4a28880,https://py.linkedin.com/jobs/view/site-reliability-engineer-core-infrastructure-at-kraken-4426961518,Site Reliability Engineer - Core Infrastructure,Kraken,posted,2026-07-08T13:21:45.093612,172
dc49968b3b232a8b,https://py.linkedin.com/jobs/view/asistente-administrativo-de-estancia-acn-at-agropecuaria-campos-nuevos-4436108332,Asistente Administrativo de Estancia - ACN,Agropecuaria Campos Nuevos,posted,2026-07-08T13:21:55.749999,174
176537950e2276b2,https://py.linkedin.com/jobs/view/bilingual-sap-basis-senior-analyst-at-solventum-4418962012,Bilingual SAP BASIS Senior Analyst,Solventum,posted,2026-07-08T13:22:05.128450,176
18871e95139030bf,https://py.linkedin.com/jobs/view/senior-back-end-developer-node-express-js-at-worldly-4438133381,Senior Back-End Developer (Node/Express.js),Worldly,posted,2026-07-08T13:22:14.342101,178
c6d00079e35e36ad,https://py.linkedin.com/jobs/view/ejecutivo-de-cuentas-clave-at-close-up-international-4430208921,Ejecutivo de cuentas clave,,scraped,2026-07-08T13:22:16.995372,
5a22af8c27820885,https://py.linkedin.com/jobs/view/vendedor-4434585464,Vendedor,MASTER ELECTRONICA,posted,2026-07-08T13:22:50.577998,180
55a8ade67f9c0aef,https://py.linkedin.com/jobs/view/ejecutivo-comercial-b2b-4437885965,Ejecutivo Comercial B2B,Confidencial.,posted,2026-07-08T13:23:03.505323,182
7656741ebf109b22,https://py.linkedin.com/jobs/view/ingeniero-sr-de-infraestructura-it-at-oneinfo-consulting-4434847372,Ingeniero Sr de Infraestructura IT,,scraped,2026-07-08T13:23:08.134250,
547ca2104c947786,https://py.linkedin.com/jobs/view/senior-de-precios-de-transferencia-at-ey-4385049370,Senior de Precios de Transferencia,EY,posted,2026-07-08T13:23:31.082595,184
ea8b90f96ea5932c,https://py.linkedin.com/jobs/view/sales-backoffice-associate-at-infobip-4436204636,Sales BackOffice Associate,,scraped,2026-07-08T13:23:33.741089,
a18dbdad445d2121,https://py.linkedin.com/jobs/view/senior-marketing-analyst-strategy-analytics-at-toptal-4437469133,"Senior Marketing Analyst, Strategy & Analytics",Toptal,posted,2026-07-08T13:24:16.960258,186
d4b110eedc060b26,https://py.linkedin.com/jobs/view/fullstack-developer-senior-python-django-%2B-react-remote-latin-america-at-bluelight-4437862563,"Fullstack Developer (Senior) - Python (Django) + React - Remote, Latin America",Bluelight,posted,2026-07-08T13:24:22.041840,118
db3372b8cd0048b5,https://py.linkedin.com/jobs/view/banco-de-talentos-personas-con-discapacidad-at-ey-4385051255,Banco de Talentos - Personas con Discapacidad,EY,posted,2026-07-08T13:24:33.394490,188
72bec50da9fce4be,https://py.linkedin.com/jobs/view/application-security-engineer-checkmarx-sast-remote-work-at-bairesdev-4436814616,Application Security Engineer (Checkmarx / SAST) - Remote Work,BairesDev,posted,2026-07-08T13:24:41.696617,190
79b8d01998a81f3f,https://py.linkedin.com/jobs/view/portuguese-speaker-needed-for-data-entry-specialist-4419607575,Portuguese speaker needed for Data Entry Specialist,Web and data research,posted,2026-07-08T13:24:50.323053,192
3375698af0f8e3f6,https://py.linkedin.com/jobs/view/procurement-specialist-at-ceragon-networks-4434869434,Procurement Specialist,Ceragon Networks,posted,2026-07-08T18:57:07.159820,194
46d4ac65bddf3545,https://py.linkedin.com/jobs/view/financial-specialist-at-consorcio-holding-4433713137,Financial Specialist,,scraped,2026-07-08T18:57:15.809513,
e003904c1344f3c2,https://py.linkedin.com/jobs/view/supervisor-a-concepci%C3%B3n-at-lidia-pereira-headhunter-4434846968,Supervisor (a) Concepción,Lidia Pereira-Headhunter,posted,2026-07-08T18:57:40.454755,196
32ed0ab030fc03ee,https://py.linkedin.com/jobs/view/analista-de-capacitaci%C3%B3n-at-fundaci%C3%B3n-paraguaya-4434851780,Analista de Capacitación,,scraped,2026-07-08T18:57:49.377786,
956e362a52632378,https://py.linkedin.com/jobs/view/expert-en-ing%C3%A9nierie-de-la-formation-et-enseignement-technique-fili%C3%A8re-for%C3%AAt-bois-h-f-at-expertise-france-4428937862,Expert en ingénierie de la formation et enseignement technique - Filière forêt-bois (H/F),,scraped,2026-07-08T18:58:00.952614,
da5bc958fde095e9,https://py.linkedin.com/jobs/view/diagnostic-technician-key-whitman-eye-center-dallas-at-novamed-4438180663,"Diagnostic Technician - Key Whitman Eye Center, Dallas",Novamed,posted,2026-07-08T18:58:18.792169,198
689a55b94271d930,https://py.linkedin.com/jobs/view/especialista-en-inmuebles-at-remax-guimar-4434591072,Especialista en inmuebles,,scraped,2026-07-08T18:58:23.398103,
d93d72f457054d7d,https://py.linkedin.com/jobs/view/floating-patient-counselor-dallas-tx-at-novamed-4438184497,"Floating Patient Counselor- Dallas, TX",Novamed,posted,2026-07-08T18:58:41.449710,200
76c9af876ecdfb7e,https://py.linkedin.com/jobs/view/servicio-t%C3%A9cnico-at-alvog-sa-4434548904,Servicio técnico,ALVOG SA,posted,2026-07-08T18:59:05.129886,202
0da260d5370375bc,https://py.linkedin.com/jobs/view/back-junior-administrativo-at-jardin-de-la-paz-4434887184,Back Junior Administrativo,,scraped,2026-07-08T18:59:07.758686,
66092f8a64d3413a,https://py.linkedin.com/jobs/view/consultant-for-national-strategy-for-international-development-cooperation-at-global-green-growth-institute-4438253599,Consultant for National Strategy for International Development Cooperation,,scraped,2026-07-08T18:59:16.290542,
d7f7562b25f9666d,https://py.linkedin.com/jobs/view/atenci%C3%B3n-al-cliente-pos-venta-at-todo-costura-s-a-4434869177,Atención al cliente - Pos venta,,scraped,2026-07-08T18:59:27.929254,
fec66e5a7e2264bc,https://py.linkedin.com/jobs/view/ingeniero-de-calidad-de-servicios-fijos-at-millicom-tigo-4435862156,Ingeniero de Calidad de Servicios Fijos,,scraped,2026-07-08T18:59:40.050026,
af3a79d0c048700e,https://py.linkedin.com/jobs/view/social-media-content-creator-at-%C3%A9xito%21-super-mayorista-4434592748,Social Media Content Creator,ÉXITO! SUPER MAYORISTA,posted,2026-07-08T18:59:55.239810,204
cc9fe58095e79a80,https://py.linkedin.com/jobs/view/comercial-at-moa-real-estate-4422753209,Comercial,MOA Real Estate,posted,2026-07-08T19:00:12.411850,206
016f9440ab2e0e94,https://py.linkedin.com/jobs/view/jefe-de-retencion-y-fidelizacion-hogar-at-millicom-tigo-4438291084,Jefe de Retencion Y Fidelizacion Hogar,,scraped,2026-07-08T19:00:15.125552,
83633803ad4b58ff,https://py.linkedin.com/jobs/view/analista-de-contabilidad-4434585023,Analista de contabilidad,La Data,posted,2026-07-08T19:00:24.094067,124
cda6d061e0f177a8,https://py.linkedin.com/jobs/view/sr-human-resources-analyst-at-louis-dreyfus-company-4434589634,Sr. Human Resources Analyst,Louis Dreyfus Company,posted,2026-07-08T19:00:42.687821,208
e6c456454857a5ce,https://py.linkedin.com/jobs/view/growth-marketer-at-the-flex-4436771630,Growth Marketer,,scraped,2026-07-08T19:00:45.481338,
7344c95ad071b055,https://py.linkedin.com/jobs/view/asesor-de-cobranzas-at-propietario-inmobiliaria-4433959482,Asesor de Cobranzas,Propietario Inmobiliaria,posted,2026-07-08T19:01:28.653669,210
a7fc7275420bb1b3,https://py.linkedin.com/jobs/view/spanish-bilingual-customer-service-specialist-at-talentpop-app-4434878425,Spanish Bilingual Customer Service Specialist,TalentPop App,posted,2026-07-08T19:01:40.270055,212
7d742bdadd739f64,https://py.linkedin.com/jobs/view/suscriptor-de-patrimoniales-at-sancor-seguros-del-paraguay-4433960363,Suscriptor de Patrimoniales,,scraped,2026-07-08T19:01:44.980202,
eb97ea757ec07be8,https://py.linkedin.com/jobs/view/end-user-support-technician-at-alorica-4437871741,End User Support Technician,Alorica,posted,2026-07-08T19:02:01.703348,214
d8b185f032fc83d7,https://py.linkedin.com/jobs/view/spanish-bilingual-customer-service-specialist-at-talentpop-app-4434890427,Spanish Bilingual Customer Service Specialist,TalentPop App,posted,2026-07-08T19:02:14.839247,212
28ef78b5e13646cc,https://py.linkedin.com/jobs/view/ingeniero-de-seguridad-de-aplicaciones-checkmarx-sast-trabajo-remoto-at-bairesdev-4436840411,Ingeniero de Seguridad de Aplicaciones (Checkmarx / SAST) - Trabajo Remoto,BairesDev,posted,2026-07-08T19:02:25.525851,216
54323ad558c8d769,https://py.linkedin.com/jobs/view/especialista-en-operaciones-y-configuraci%C3%B3n-de-aplicaciones-at-ey-4385032962,Especialista en Operaciones y Configuración de Aplicaciones,EY,posted,2026-07-08T19:02:54.151285,218
fa89b9881cbaf458,https://py.linkedin.com/jobs/view/spanish-bilingual-customer-service-specialist-at-talentpop-app-4434881578,Spanish Bilingual Customer Service Specialist,TalentPop App,scraped,2026-07-08T19:03:02.470736,
bd002f6f9605e5bc,https://py.linkedin.com/jobs/view/spanish-bilingual-customer-service-specialist-at-talentpop-app-4434889319,Spanish Bilingual Customer Service Specialist,TalentPop App,scraped,2026-07-08T19:03:06.578046,
9ff5624c2524731b,https://py.linkedin.com/jobs/view/spanish-bilingual-customer-service-specialist-at-talentpop-app-4434886352,Spanish Bilingual Customer Service Specialist,TalentPop App,scraped,2026-07-08T19:03:11.051587,
200954145f37fc01,https://py.linkedin.com/jobs/view/spanish-bilingual-customer-service-specialist-at-talentpop-app-4434883435,Spanish Bilingual Customer Service Specialist,TalentPop App,scraped,2026-07-08T19:03:15.630387,
f47c4804f45968f2,https://py.linkedin.com/jobs/view/spanish-bilingual-customer-service-specialist-at-talentpop-app-4434891301,Spanish Bilingual Customer Service Specialist,TalentPop App,scraped,2026-07-08T19:03:19.813788,
379794009e98f32d,https://py.linkedin.com/jobs/view/spanish-bilingual-customer-service-specialist-at-talentpop-app-4434888316,Spanish Bilingual Customer Service Specialist,TalentPop App,scraped,2026-07-08T19:03:24.086816,
2719e540ec4423e5,https://py.linkedin.com/jobs/view/vendedor-de-suplementaci%C3%B3n-deportiva-4434878387,vendedor de suplementación deportiva,El negro suplementos,posted,2026-07-08T19:03:39.022119,220
5200c9dbe3e206e6,https://py.linkedin.com/jobs/view/product-security-engineer-remote-work-at-bairesdev-4437065421,Product Security Engineer - Remote Work,BairesDev,posted,2026-07-08T19:03:51.248132,222
888051866affff7c,https://py.linkedin.com/jobs/view/analista-de-procesos-at-ita%C3%BA-paraguay-4438510196,Analista de Procesos,,scraped,2026-07-08T23:45:13.120705,
458106c23d494b5a,https://py.linkedin.com/jobs/view/content-manager-at-master-shop-4434875996,CONTENT MANAGER,,scraped,2026-07-08T23:45:32.802223,
5552e9628870444f,https://py.linkedin.com/jobs/view/data-and-reporting-analyst-at-national-services-group-inc-4436250509,Data and Reporting Analyst,"National Services Group, Inc.",posted,2026-07-08T23:45:51.472016,224
7be67b78c5047206,https://py.linkedin.com/jobs/view/end-user-support-technician-advanced-english-at-alorica-4436254904,End User Support Technician (Advanced English),Alorica,posted,2026-07-08T23:46:02.744573,226
d7af19e721d3db2e,https://py.linkedin.com/jobs/view/responsable-de-red-de-acceso-santa-rosa-del-aguaray-at-claro-paraguay-4437312813,Responsable de Red de Acceso - Santa Rosa del Aguaray,,scraped,2026-07-08T23:46:35.122905,
2e1e2eb57a32f202,https://py.linkedin.com/jobs/view/french-bilingual-customer-service-specialist-at-talentpop-app-4434876699,French Bilingual Customer Service Specialist,TalentPop App,posted,2026-07-08T23:46:52.131321,228
da8f30a1361ea7c3,https://py.linkedin.com/jobs/view/operations-assistant-at-cs-outsource-4437322211,Operations Assistant,CS Outsource,posted,2026-07-08T23:47:11.537819,74
4f26356468287dba,https://py.linkedin.com/jobs/view/sales-occupancy-tax-analyst-at-howard-4438504003,Sales & Occupancy Tax Analyst,Howard,posted,2026-07-08T23:47:25.089553,230
aba4a35e65c7819e,https://py.linkedin.com/jobs/view/travel-expenses-sr-associate-at-nestl%C3%A9-4438531474,Travel & Expenses Sr. Associate,Nestlé,posted,2026-07-08T23:48:14.723961,232
39b8d95a7175ae1c,https://py.linkedin.com/jobs/view/office-based-call-center-agent-itapua-paraguay-at-srr-group-4436497140,"Office-based_Call Center Agent (Itapua, Paraguay)",SRR Group,posted,2026-07-08T23:48:37.033201,234
6fb99994cc8062c5,https://py.linkedin.com/jobs/view/cluster-director-south-america-4438530057,Cluster Director South America,Plan Internacional,posted,2026-07-08T23:49:00.736935,236
f079d2feab443977,https://py.linkedin.com/jobs/view/senior-security-scrum-master-remote-work-at-bairesdev-4437096891,Senior Security Scrum Master - Remote Work,BairesDev,posted,2026-07-08T23:49:16.601217,238
afa6ac2537505709,https://py.linkedin.com/jobs/view/district-representative-ii-%E2%80%93-py-at-nalco-water-an-ecolab-company-4408558643,District Representative II – PY,"Nalco Water, An Ecolab Company",posted,2026-07-08T23:49:22.173835,92
52944b4b12f9e782,https://py.linkedin.com/jobs/view/senior-qa-automation-engineer-playwright-mobile-at-applaudo-4436159529,Senior QA Automation Engineer (Playwright & Mobile),,scraped,2026-07-08T23:49:40.785766,
642759690fde6fff,https://py.linkedin.com/jobs/view/procurement-analyst-at-ceragon-networks-4434898486,Procurement Analyst,Ceragon Networks,posted,2026-07-09T11:25:20.687944,240
fc172f52e72d3167,https://py.linkedin.com/jobs/view/comprador-a-mt-at-inovant-rh-4435616898,Comprador(a) - MT,,scraped,2026-07-09T11:25:27.100330,
ec84b1df261bdb07,https://py.linkedin.com/jobs/view/coordinador-unidad-de-reventa-alquileres-de-inmuebles-at-talent-connect-4437339273,Coordinador - Unidad de Reventa / Alquileres de Inmuebles,Talent Connect,posted,2026-07-09T11:26:28.362649,242
7a195daa3f7a974c,https://py.linkedin.com/jobs/view/french-bilingual-customer-service-specialist-at-talentpop-app-4434886403,French Bilingual Customer Service Specialist,TalentPop App,posted,2026-07-09T11:26:42.437678,228
fb37a12b3502095e,https://py.linkedin.com/jobs/view/hiring-journey-analyst-remote-work-at-bairesdev-4436818447,Hiring Journey Analyst - Remote Work,BairesDev,posted,2026-07-09T11:27:02.001773,244
ed7c9fd4cbc6da1d,https://py.linkedin.com/jobs/view/ingeniero-de-soporte-de-producci%C3%B3n-at-sodep-s-a-4434868963,Ingeniero de soporte de producción,,scraped,2026-07-09T11:27:06.621925,
781790d215aa9d8c,https://py.linkedin.com/jobs/view/product-security-engineer-remote-work-at-bairesdev-4437062535,Product Security Engineer - Remote Work,BairesDev,posted,2026-07-09T11:27:43.332257,222
699c113f04d8794f,https://py.linkedin.com/jobs/view/recruiting-manager-remote-work-at-bairesdev-4437079118,Recruiting Manager - Remote Work,BairesDev,posted,2026-07-09T11:27:55.299295,246
2afb2708eeeb1a2f,https://py.linkedin.com/jobs/view/analista-de-seguridad-de-aplicaciones-code-review-trabajo-remoto-ref%23296113-at-bairesdev-4432460787,Analista de Seguridad de Aplicaciones (Code Review) - Trabajo Remoto | REF#296113,BairesDev,posted,2026-07-09T11:28:06.084394,248
d190f8800a9e24ea,https://py.linkedin.com/jobs/view/android-engineer-ai-ml-remote-work-at-bairesdev-4436823072,"Android Engineer, AI/ML - Remote Work",BairesDev,posted,2026-07-09T11:28:37.689650,250
ced45d9147000e64,https://py.linkedin.com/jobs/view/senior-technical-program-manager-remote-work-at-bairesdev-4437305343,Senior Technical Program Manager - Remote Work,BairesDev,posted,2026-07-09T11:28:49.929047,252
be8a1ad3f7c8dc60,https://py.linkedin.com/jobs/view/asistente-senior-de-cuentas-por-pagar-at-nestl%C3%A9-4438529463,Asistente Senior de Cuentas por Pagar,Nestlé,posted,2026-07-09T11:29:01.229240,254
f66674bcc7e960f5,https://py.linkedin.com/jobs/view/senior-software-engineer-frontend-pro-at-kraken-4416587289,Senior Software Engineer - Frontend - Pro,Kraken,posted,2026-07-09T11:29:34.215034,256
4ff26ee4d683b018,https://py.linkedin.com/jobs/view/application-security-engineer-checkmarx-sast-remote-work-at-bairesdev-4436810901,Application Security Engineer (Checkmarx / SAST) - Remote Work,BairesDev,posted,2026-07-09T11:29:41.778674,190
acf1fa1baa31a698,https://py.linkedin.com/jobs/view/application-security-analyst-code-review-remote-work-ref%23296079-at-bairesdev-4432466757,Application Security Analyst (Code Review) - Remote Work | REF#296079,BairesDev,posted,2026-07-09T11:29:59.476664,258
0680088d5d2255eb,https://py.linkedin.com/jobs/view/key-account-manager-at-roche-4430124901,Key Account Manager,,scraped,2026-07-09T18:28:25.960568,
be3c0a48591e80b0,https://py.linkedin.com/jobs/view/asistente-senior-de-cuentas-por-cobrar-at-nestl%C3%A9-4438529463,Asistente Senior de Cuentas por Cobrar,Nestlé,posted,2026-07-09T18:28:43.892694,260
b0e7fe7f5faeb7c4,https://py.linkedin.com/jobs/view/asesor-a-de-ventas-externas-suc-c-d-e-at-record-electric-saeca-4436802758,Asesor/a de Ventas Externas Suc. C.D.E.,,scraped,2026-07-09T18:28:52.570616,
dc0ffcc566ebf624,https://py.linkedin.com/jobs/view/analista-de-entrenamiento-digital-at-millicom-tigo-4438555230,Analista de Entrenamiento Digital,,scraped,2026-07-09T18:29:13.345547,
5571e05426136280,https://py.linkedin.com/jobs/view/coordenadora-fiscal-mt-at-inovant-rh-4435623054,Coordenadora Fiscal - MT,,scraped,2026-07-09T18:29:19.821120,
a564dceb76bda416,https://py.linkedin.com/jobs/view/ejecutivo-a-generador-de-negocios-at-clin-%E2%80%93-facility-management-4435687126,Ejecutivo/a Generador de Negocios,,scraped,2026-07-09T18:29:40.535486,
8e6d00d14925ed80,https://py.linkedin.com/jobs/view/dise%C3%B1ador-4434895824,Diseñador,BEE! Agencia de Experiencias,posted,2026-07-09T18:30:02.014691,262
09883653e11c655e,https://py.linkedin.com/jobs/view/gerente-de-sucursal-at-manpowergroup-paraguay-4438676957,Gerente de Sucursal,,scraped,2026-07-09T18:30:06.507711,
5ca6d23aa94dcbb4,https://py.linkedin.com/jobs/view/operations-manager-at-cs-outsource-4437586342,Operations Manager,CS Outsource,posted,2026-07-09T18:30:26.118493,264
93ffa011996374fb,https://py.linkedin.com/jobs/view/bilingual-medical-interpreter-spanish-english-at-i-call-international-4433951776,Bilingual Medical Interpreter Spanish/English,i-Call International,posted,2026-07-09T18:30:38.595990,266
b69e3d8dfc23bca5,https://py.linkedin.com/jobs/view/smartphone-task-expert-%246-hr-remote-at-crossing-hurdles-4437554027,Smartphone Task Expert | $6/hr Remote,Crossing Hurdles,posted,2026-07-09T18:30:55.188246,268
81a300ddc5069a23,https://py.linkedin.com/jobs/view/private-sector-engagement-and-investment-promotion-experts-at-ntu-international-a-s-4436755040,Private Sector Engagement and Investment Promotion Experts,,scraped,2026-07-09T18:30:59.771418,
04b99439bdf2da69,https://py.linkedin.com/jobs/view/senior-salesforce-engineer-at-apply-4437728181,Senior Salesforce Engineer,,scraped,2026-07-09T18:31:12.996309,
8361339c7f319d22,https://py.linkedin.com/jobs/view/desarrollador-a-back-end-at-mas-que-bien-service-e-a-s-4435907249,Desarrollador/a Back-End,MAS QUE BIEN SERVICE E.A.S.,posted,2026-07-09T18:31:45.884215,270
ded19ff175116ab0,https://py.linkedin.com/jobs/view/operations-manager-driver-growth-and-engagement-at-bolt-4437095883,Operations Manager (Driver Growth and Engagement),,scraped,2026-07-09T18:31:48.617061,
8db637300aefcf29,https://py.linkedin.com/jobs/view/corporate-travel-and-mobility-agent-remote-work-at-bairesdev-4437075678,Corporate Travel and Mobility Agent - Remote Work,BairesDev,posted,2026-07-09T18:32:03.294965,272
e0dea2bbf6be4c60,https://py.linkedin.com/jobs/view/career-framework-specialist-remote-work-at-bairesdev-4437086090,Career Framework Specialist - Remote Work,BairesDev,posted,2026-07-09T18:32:19.968904,274
08b94ac7d8dc4a24,https://py.linkedin.com/jobs/view/agente-customer-success-senior-4438519247,Agente Customer Success Senior,Confidencial.,posted,2026-07-09T18:32:30.575110,276
125a516a986c5099,https://py.linkedin.com/jobs/view/atenci%C3%B3n-al-cliente-y-ventas-paseo-the-town-asu-at-fiore-4429811660,Atención al Cliente y Ventas - Paseo The Town ASU,,scraped,2026-07-09T18:32:37.175604,
d0de02efbf016bb0,https://py.linkedin.com/jobs/view/production-coordinator-assistant-planner-leviat-at-crh-4418461933,Production Coordinator / Assistant Planner- Leviat,,scraped,2026-07-09T18:32:45.153858,
8efd07016a228ec5,https://py.linkedin.com/jobs/view/especialista-soldador-at-groube-talent-4434862742,Especialista Soldador,,scraped,2026-07-09T18:32:51.820579,
88ffbeeec59c26a3,https://py.linkedin.com/jobs/view/spanish-bilingual-customer-service-specialist-at-talentpop-app-4434882295,Spanish Bilingual Customer Service Specialist,TalentPop App,posted,2026-07-09T18:33:11.929646,212
a79abd8c0adc5e46,https://py.linkedin.com/jobs/view/spanish-bilingual-customer-service-specialist-at-talentpop-app-4434890267,Spanish Bilingual Customer Service Specialist,TalentPop App,scraped,2026-07-09T18:33:16.421140,
7c4cb3dfc44233b8,https://py.linkedin.com/jobs/view/spanish-bilingual-customer-service-specialist-at-talentpop-app-4434869849,Spanish Bilingual Customer Service Specialist,TalentPop App,scraped,2026-07-09T18:33:22.593795,
7ae6555e89d31114,https://py.linkedin.com/jobs/view/spanish-bilingual-customer-service-specialist-at-talentpop-app-4434884244,Spanish Bilingual Customer Service Specialist,TalentPop App,scraped,2026-07-09T18:33:26.849135,
673d53b9555ba867,https://py.linkedin.com/jobs/view/spanish-bilingual-customer-service-specialist-at-talentpop-app-4434869876,Spanish Bilingual Customer Service Specialist,TalentPop App,scraped,2026-07-09T18:33:31.034923,
57825ca4b7d1287d,https://py.linkedin.com/jobs/view/senior-site-reliability-engineer-sre-remote-work-at-bairesdev-4437542148,Senior Site Reliability Engineer (SRE) - Remote Work,BairesDev,posted,2026-07-09T18:33:54.998253,278
3719c600185a3052,https://py.linkedin.com/jobs/view/senior-devsecops-engineer-remote-work-at-bairesdev-4437312053,Senior DevSecOps Engineer - Remote Work,BairesDev,posted,2026-07-09T18:34:10.308896,280
f0cf4381f9425f33,https://py.linkedin.com/jobs/view/ingeniero-sast-trabajo-remoto-ref%23296013-at-bairesdev-4432450983,Ingeniero SAST - Trabajo Remoto | REF#296013,BairesDev,posted,2026-07-09T18:34:22.171495,282
c8b0ec6953998381,https://py.linkedin.com/jobs/view/senior-azure-cloud-engineer-at-applaudo-4438253694,Senior Azure Cloud Engineer,,scraped,2026-07-09T18:34:24.817658,
0a79872696bc7969,https://py.linkedin.com/jobs/view/analista-de-compras-at-rocktree-4437921027,Analista de Compras,Rocktree,posted,2026-07-09T23:55:05.713459,284
796733b8ee4c0934,https://py.linkedin.com/jobs/view/community-manager-at-grupo-jbb-4435697738,Community Manager,Grupo JBB,posted,2026-07-09T23:55:20.091540,286
752147dab7d4c513,https://py.linkedin.com/jobs/view/implementador-crm-at-grupo-py-s-r-l-4437089509,Implementador CRM,,scraped,2026-07-09T23:55:50.791910,
b3c15072dddc956a,https://py.linkedin.com/jobs/view/desarrollador-de-back-end-java-at-roshka-s-a-4435678637,Desarrollador de back-end Java,,scraped,2026-07-09T23:56:06.644356,
d873dd60c3b2be93,https://py.linkedin.com/jobs/view/analista-financiero-junior-4438826540,Analista Financiero Junior,Confidencial.,posted,2026-07-09T23:56:28.596625,288
1ec75d2ac3e27d18,https://py.linkedin.com/jobs/view/t%C3%A9cnico-de-soporte-e-instalaci%C3%B3n-at-world-pos-solutions-4432578824,Técnico de soporte e instalación,World POS Solutions,posted,2026-07-09T23:56:45.027447,290
4f6e788f9a9c6a26,https://py.linkedin.com/jobs/view/t%C3%A9cnico-el%C3%A9ctrico-at-s-m-automation-s-a-4435906371,Técnico eléctrico,S & M Automation S.A.,posted,2026-07-09T23:57:11.519484,292
c9d34a28d8e93f07,https://py.linkedin.com/jobs/view/desarrollador-java-at-diviserv-s-a-4399906126,Desarrollador Java,,scraped,2026-07-09T23:57:26.113911,
150cdc442a9cad90,https://py.linkedin.com/jobs/view/soporte-t%C3%A9cnico-implementador-de-sistemas-at-flex-tech-4435902865,Soporte Técnico | Implementador de Sistemas,Flex Tech,posted,2026-07-09T23:57:39.939946,294
d0233723847fc62f,https://py.linkedin.com/jobs/view/media-buyer-at-gouva-4433748630,Media Buyer,gouva,posted,2026-07-09T23:58:09.389246,296
41567c129cfada7f,https://py.linkedin.com/jobs/view/sales-executive-for-campus-live-remote-work-at-bairesdev-4436595920,Sales Executive for Campus Live - Remote Work,BairesDev,posted,2026-07-09T23:58:54.327950,298
6e92afcc3e01007f,https://py.linkedin.com/jobs/view/senior-security-data-scientist-python-remote-work-at-bairesdev-4437503602,Senior Security Data Scientist (Python) - Remote Work,BairesDev,posted,2026-07-09T23:59:16.903801,300
5131d52aa691b650,https://py.linkedin.com/jobs/view/lead-field-service-representative-py-at-nalco-water-an-ecolab-company-4408722475,Lead Field Service Representative - PY,"Nalco Water, An Ecolab Company",posted,2026-07-09T23:59:34.698909,302
8022e5893020b4ce,https://py.linkedin.com/jobs/view/auxiliar-de-gerencia-at-la-porte%C3%B1a-talento-humano-4437558356,Auxiliar de Gerencia,,scraped,2026-07-10T11:23:43.948886,
51dafdb7d0de6b47,https://py.linkedin.com/jobs/view/graphic-designer-at-huzzle-com-4438200964,Graphic Designer,,scraped,2026-07-10T11:23:53.571998,
49eba72f3f23e49c,https://py.linkedin.com/jobs/view/analista-sr-de-facturaci%C3%B3n-latam-billing-at-nestl%C3%A9-4437898566,Analista Sr de Facturación LATAM (Billing),Nestlé,posted,2026-07-10T11:24:13.221854,304
8af98ba000e58478,https://py.linkedin.com/jobs/view/freelance-grabaci%C3%B3n-de-tareas-cotidianas-para-proyecto-de-ia-at-toloka-annotators-4437763605,Freelance: grabación de tareas cotidianas para proyecto de IA,Toloka Annotators,posted,2026-07-10T11:24:22.657524,306
5f52251f187184e2,https://py.linkedin.com/jobs/view/project-manager-it-software-at-g-digital-4435903973,Project Manager - IT / Software,,scraped,2026-07-10T11:24:45.288316,
29f15b68b73c79e9,https://py.linkedin.com/jobs/view/administrador-de-empresas-at-amazonas-eas-4435915755,Administrador de empresas,AMAZONAS EAS,posted,2026-07-10T11:25:05.593238,308
eaaa53ae26cbc226,https://py.linkedin.com/jobs/view/sales-specialist-at-unox-s-p-a-4429377950,Sales Specialist,,scraped,2026-07-10T11:25:12.217088,
5af4d903f72a2310,https://py.linkedin.com/jobs/view/courier-temporal-at-dhl-express-4438872728,Courier Temporal,DHL Express,posted,2026-07-10T11:25:27.382139,310
b42b5886b26e18b7,https://py.linkedin.com/jobs/view/asesor-at-punto-clave-real-states-4433140112,Asesor,Punto Clave Inmobiliaria,posted,2026-07-10T11:25:47.066146,312
c0360ef1be762e08,https://py.linkedin.com/jobs/view/consultor-t%C3%A9cnico-comercial-at-plastizil-s-a-4435909374,Consultor técnico comercial,,scraped,2026-07-10T11:25:49.673992,
1533edcda72fcd8a,https://py.linkedin.com/jobs/view/video-recording-expert-%246-hr-remote-at-crossing-hurdles-4437984007,Video Recording Expert | $6/hr Remote,Crossing Hurdles,posted,2026-07-10T11:26:19.465930,314
6cb000a0038cf685,https://py.linkedin.com/jobs/view/spanish-bilingual-customer-service-specialist-at-talentpop-app-4434879592,Spanish Bilingual Customer Service Specialist,TalentPop App,posted,2026-07-10T11:26:26.821812,212
bd76e3e0328a788f,https://py.linkedin.com/jobs/view/agente-de-bienes-inmuebles-comerciales-at-re-max-genesis-paraguay-4435679814,Agente de bienes inmuebles comerciales,,scraped,2026-07-10T11:26:47.210873,
11849a267ccf835f,https://py.linkedin.com/jobs/view/senior-front-end-developer-angular-at-worldly-4438809748,Senior Front-End Developer (Angular),Worldly,posted,2026-07-10T11:27:07.033353,316
86f1bc3f5f69d97f,https://py.linkedin.com/jobs/view/soporte-t%C3%A9cnico-help-desk-%E2%80%93-turno-noche-4425658043,Soporte Técnico Help Desk – Turno Noche,Confidencial.,posted,2026-07-10T11:27:53.619615,318
f56827bfbe60ffee,https://py.linkedin.com/jobs/view/conductora-conductor-npsa2-at-undp-careers-4439093016,Conductora/Conductor -NPSA2,UNDP Careers,posted,2026-07-10T18:09:46.065960,320
7807a172e770b9c7,https://py.linkedin.com/jobs/view/corporate-english-trainer-spanish-bilingual-at-gofluent-4437970807,Corporate English Trainer (Spanish Bilingual),,scraped,2026-07-10T18:09:54.803101,
c192839267bc7ac2,https://py.linkedin.com/jobs/view/analista-de-control-en-tiendas-y-call-center-en-tiempo-real-at-millicom-tigo-4438293094,Analista de Control en Tiendas y Call Center en Tiempo Real,,scraped,2026-07-10T18:10:14.978562,
589694e83020e44a,https://py.linkedin.com/jobs/view/spanish-content-writer-remote-at-yo-it-consulting-4437929773,Spanish Content Writer - Remote,,scraped,2026-07-10T18:10:23.743577,
1091e2b364adc3c0,https://py.linkedin.com/jobs/view/gerente-t%C3%A9cnico-%E2%80%93-ingeniero-a-civil-on-site-asunci%C3%B3n-at-talent-connect-4437331456,Gerente Técnico – Ingeniero/a Civil - On-site (Asunción),Talent Connect,posted,2026-07-10T18:10:37.673241,322
1a3032b269d0e0da,https://py.linkedin.com/jobs/view/project-manager-remote-work-at-bairesdev-4437054813,Project Manager - Remote Work,BairesDev,posted,2026-07-10T18:10:50.377681,324
23e153527371533c,https://py.linkedin.com/jobs/view/engenheiro-de-planejamento-at-afry-4087531758,Engenheiro de Planejamento,,scraped,2026-07-10T18:10:52.754868,
e90cf00a20bf4348,https://py.linkedin.com/jobs/view/backend-c%23-at-clt-sa-4436602489,Backend c#,CLT SA,posted,2026-07-10T18:11:25.109867,326
a9e3e629059f8c3a,https://py.linkedin.com/jobs/view/asistente-financiero-jr-at-mirca-business-group-4436619236,Asistente Financiero (Jr),MIRCA BUSINESS GROUP,posted,2026-07-10T18:11:46.838391,328
66715853f3680329,https://py.linkedin.com/jobs/view/customer-happiness-specialist-wordpress-full-remote-at-wpdeveloper-4439085788,Customer Happiness Specialist (WordPress)- Full Remote,,scraped,2026-07-10T18:11:55.507453,
8044beb5c9e8d32b,https://py.linkedin.com/jobs/view/t%C3%A9cnico-electricista-industrial-at-ffa-flavors-and-fragrances-of-america-4398803982,Técnico Electricista Industrial,FFA (Flavors and Fragrances of America),posted,2026-07-10T18:12:16.598703,330
73b4a564f3660579,https://py.linkedin.com/jobs/view/remote-gig-for-videographers-%246-hr-remote-at-crossing-hurdles-4437986036,Remote Gig for Videographers | $6/hr Remote,Crossing Hurdles,posted,2026-07-10T18:12:41.645604,332
3f014959662684a4,https://py.linkedin.com/jobs/view/sast-engineer-remote-work-ref%23295979-at-bairesdev-4432470200,SAST Engineer - Remote Work | REF#295979,BairesDev,posted,2026-07-10T18:13:16.138641,334
e6d10a6165ed8c79,https://py.linkedin.com/jobs/view/an-independent-investment-banking-firm-focused-on-mergers-and-acquisitions-and-capital-raising-across-latin-america-is-seeking-a-financial-analyst-at-mabel-riart-consulting-4435909838,An independent investment banking firm focused on mergers and acquisitions and capital raising across Latin America is seeking a FINANCIAL ANALYST,,scraped,2026-07-10T18:13:32.769100,
a924b0d8435f9e30,https://py.linkedin.com/jobs/view/lead-technical-support-engineer-at-mercor-4418549579,Lead Technical Support Engineer,Mercor,posted,2026-07-10T18:13:55.404976,336
7fa61d5e23bbda9b,https://py.linkedin.com/jobs/view/desarrollador-sap-at-rhgroup-consultancy-and-trainings-4435973658,Desarrollador SAP,,scraped,2026-07-10T18:13:58.045003,
76df8b65707d4082,https://py.linkedin.com/jobs/view/an-independent-investment-banking-firm-focused-on-mergers-and-acquisitions-and-capital-raising-across-latin-america-is-seeking-a-financial-analyst-at-mabel-riart-consulting-4435901894,An independent investment banking firm focused on mergers and acquisitions and capital raising across Latin America is seeking a FINANCIAL ANALYST,,scraped,2026-07-10T18:14:07.247433,
943bcfc98b41d7f2,https://py.linkedin.com/jobs/view/analista-de-log%C3%ADstica-e-inventario-at-rocktree-4438341641,Analista de Logística e Inventario,Rocktree,posted,2026-07-10T23:33:42.358947,338
23b523342f95ecaa,https://py.linkedin.com/jobs/view/especialista-en-compras-internacionales-at-manpowergroup-4439333583,Especialista en compras internacionales,ManpowerGroup,posted,2026-07-10T23:34:06.446181,340
bcb32354cbb2ab50,https://py.linkedin.com/jobs/view/martech-solutions-architect-at-apply-4429541657,MarTech Solutions Architect,,scraped,2026-07-10T23:34:23.091253,
7479bea950c053c3,https://py.linkedin.com/jobs/view/ejecutivo-comercial-b2b-at-century-systems-4435970904,Ejecutivo comercial B2B,,scraped,2026-07-10T23:34:30.889473,
2f22619e8de28129,https://py.linkedin.com/jobs/view/gerente-de-rr-hh-at-manpowergroup-4439337441,Gerente de RR. HH.,ManpowerGroup,posted,2026-07-10T23:34:52.579427,342
401123ef101138e1,https://py.linkedin.com/jobs/view/cloud-architect-gcp-at-applaudo-4439330756,Cloud Architect (GCP),,scraped,2026-07-10T23:34:59.212019,
2f9d90e172d0e2d3,https://py.linkedin.com/jobs/view/auxiliar-administrativo-y-de-finanzas-at-licencias-online-4436624622,Auxiliar administrativo y de finanzas,,scraped,2026-07-10T23:35:21.716727,
7cce32963aa1d6f8,https://py.linkedin.com/jobs/view/asesor-b2b-4425658043,Asesor B2B,Confidencial.,posted,2026-07-10T23:36:44.350669,344
2007835c3857ce5d,https://py.linkedin.com/jobs/view/senior-salesforce-engineer-crm-at-apply-4437728181,Senior Salesforce Engineer (CRM),,scraped,2026-07-10T23:37:00.971189,
770653f649a30b67,https://py.linkedin.com/jobs/view/ejecutivo-de-cuentas-at-guiar-agencia-de-marketing-4436645161,Ejecutivo de cuentas,,scraped,2026-07-11T07:23:51.515269,
41e75cde319d4daa,https://py.linkedin.com/jobs/view/consultor-de-ventas-de-software-at-datapar-s-a-4435988360,Consultor de Ventas de Software,,scraped,2026-07-11T07:23:59.704869,
acae7e81a685f9d9,https://py.linkedin.com/jobs/view/dme-claim-submission-specialist-at-solventum-4427307269,DME Claim Submission Specialist,Solventum,posted,2026-07-11T07:24:17.194565,346
efdb1be99eaa4e85,https://py.linkedin.com/jobs/view/ejecutivo-de-ventas-de-ciberseguridad-at-sisap-4430002949,Ejecutivo de Ventas de Ciberseguridad,SISAP,posted,2026-07-11T07:24:37.011069,348
de7a3ea053cee63b,https://py.linkedin.com/jobs/view/senior-java-developer-at-talan-4438101150,Senior Java Developer,,scraped,2026-07-11T07:24:43.536968,
095fcc5b16ed307a,https://py.linkedin.com/jobs/view/asistente-senior-de-compras-at-nestl%C3%A9-4439376607,Asistente Senior de Compras,Nestlé,posted,2026-07-11T07:25:25.928920,350
403f8d18fb0ec4ca,https://py.linkedin.com/jobs/view/idb-invest-economic-opportunities-advisory-consultant-at-idb-invest-4436610848,IDB Invest - Economic Opportunities Advisory Consultant,BID Invest,posted,2026-07-11T11:34:19.082950,352
6142649905efa625,https://py.linkedin.com/jobs/view/sdr-upto-1500-usd-mst-shift-at-creatorjoy-com-4436645597,SDR | Upto 1500 USD | MST Shift,,scraped,2026-07-11T11:34:21.711127,
c3cccf9f3c465dd5,https://py.linkedin.com/jobs/view/fp-a-controller-at-impala-terminals-4429984651,FP&A Controller,,scraped,2026-07-11T11:34:55.312657,
071d669aca7701d8,https://py.linkedin.com/jobs/view/devops-engineer-py-at-core-code-io-4438386585,DevOps Engineer PY,Core Code io,posted,2026-07-11T11:36:01.695985,354
23f0ae2b683eb069,https://py.linkedin.com/jobs/view/desarrollador-apex-at-jcm-import-export-s-a-4436675679,Desarrollador APEX,,scraped,2026-07-11T15:34:50.308601,
4e64b36920a1e292,https://py.linkedin.com/jobs/view/account-coordinator-at-hh-global-4431158428,Account Coordinator,,scraped,2026-07-11T15:34:56.703990,
b78e84c6bd1192d2,https://py.linkedin.com/jobs/view/jefe-de-trade-marketing-at-oa-import-4436668583,Jefe de Trade Marketing,,scraped,2026-07-11T15:35:07.409865,
a7da0f8e0cea9499,https://py.linkedin.com/jobs/view/analista-de-innovaci%C3%B3n-at-bristol-s-a-4436667720,Analista de Innovación,Bristol S.A.,posted,2026-07-11T15:35:34.521725,356
a85490d3623c6741,https://py.linkedin.com/jobs/view/asesor-de-ventas-at-automotor-4436680540,Asesor de ventas,,scraped,2026-07-11T15:35:45.098806,
09c6ec0ff33ecc6d,https://py.linkedin.com/jobs/view/desarrollador-backend-jr-net-sql-server-4439369112,Desarrollador Backend Jr. (.NET / SQL Server),Confidencial.,posted,2026-07-11T15:36:27.625347,358
768039c548a157b9,https://py.linkedin.com/jobs/view/administrative-assistant-py-at-core-code-io-4437050441,Administrative Assistant PY,Core Code io,posted,2026-07-11T18:40:54.679418,360
111ba39abddd6965,https://py.linkedin.com/jobs/view/marketing-specialist-at-cs-outsource-4438363667,Marketing Specialist,CS Outsource,posted,2026-07-11T18:42:39.972081,362
5f51233e77f7579e,https://py.linkedin.com/jobs/view/ejecutivo-de-ventas-at-compulandia-4429447858,Ejecutivo de ventas,Compulandia,posted,2026-07-12T07:29:40.402624,364
704452403596c63b,https://py.linkedin.com/jobs/view/fullstack-developer-py-at-core-code-io-4438973072,Fullstack Developer PY,Core Code io,posted,2026-07-12T07:30:03.835037,366
8773dc43bf3fe4de,https://py.linkedin.com/jobs/view/vehicle-listing-verification-specialist-at-veta-virtual-4439408633,Vehicle Listing & Verification Specialist,,scraped,2026-07-14T06:02:01.686858,
bf4c832f663777d4,https://py.linkedin.com/jobs/view/skills-role-content-specialist-remote-work-at-bairesdev-4439463835,Skills & Role Content Specialist - Remote Work,BairesDev,failed|wp_post_failed,2026-07-14T06:02:15.139381,
cf6bed879a738b06,https://py.linkedin.com/jobs/view/flight-operations-specialist-at-consorcio-aviation-4437270608,Flight Operations Specialist,,scraped,2026-07-14T06:02:19.778781,
469c830e7ded9e72,https://py.linkedin.com/jobs/view/residente-para-san-bernardino-at-casafacil-viviendas-prefabricadas-srl-4437603317,Residente para San Bernardino,,scraped,2026-07-14T06:02:34.076210,
9ccb2f1a427482e2,https://py.linkedin.com/jobs/view/coordinador-a-de-prospecci%C3%B3n-b2b-at-persa-consulting-4437612395,Coordinador/a de Prospección B2B,Persa Consulting,failed|wp_post_failed,2026-07-14T06:02:48.254165,
dafa214cb53f6012,https://py.linkedin.com/jobs/view/digital-media-manager-at-lavoro-4437628292,DIGITAL MEDIA MANAGER,LAVORO,failed|wp_post_failed,2026-07-14T06:03:02.895376,
8964a07d735cd2df,https://py.linkedin.com/jobs/view/addetta-addetto-vendite-at-metro-italia-4438990622,Addetta/Addetto vendite,METRO Italia,failed|wp_post_failed,2026-07-14T06:03:16.704335,
afb7c885d204ee1b,https://py.linkedin.com/jobs/view/dise%C3%B1ador-gr%C3%A1fico-at-bristol-s-a-4437603637,Diseñador Gráfico,Bristol S.A.,failed|wp_post_failed,2026-07-14T06:03:25.208529,
dc0e9ec947d09983,https://py.linkedin.com/jobs/view/business-developer-ejecutivo-comercial-account-executive-py-at-core-code-io-4438901075,Business Developer / Ejecutivo Comercial / Account Executive PY,Core Code io,failed|wp_post_failed,2026-07-14T06:03:33.679017,
603a5eede452bc54,https://py.linkedin.com/jobs/view/vendedores-junior-senior-%E2%80%93-comercio-exterior-at-enfoque-consultora-4437285632,Vendedores Junior & Senior – Comercio Exterior,Enfoque Consultora,failed|wp_post_failed,2026-07-14T06:03:43.456797,
b3455d40b4fa7479,https://py.linkedin.com/jobs/view/procurement-manager-at-veta-virtual-4439409567,Procurement Manager,,scraped,2026-07-14T06:03:46.002665,
5ef98fe2242aabbd,https://py.linkedin.com/jobs/view/guest-relations-specialist-at-cs-outsource-4439468535,Guest Relations Specialist,CS Outsource,failed|wp_post_failed,2026-07-14T06:03:56.989026,
65073a8c582c29fa,https://py.linkedin.com/jobs/view/content-safety-specialist-intermediate-ai-community-at-telus-digital-ai-data-solutions-4440047210,Content Safety Specialist- Intermediate (AI Community),TELUS Digital AI Data Solutions,failed|wp_post_failed,2026-07-14T06:04:06.545322,
e24684f9a9a0c034,https://py.linkedin.com/jobs/view/executive-assistant-to-the-ceo-at-nomad-elite-4437277658,Executive Assistant to the CEO,Nomad Elite,failed|wp_post_failed,2026-07-14T06:04:15.031831,
c4399f4e586de362,https://py.linkedin.com/jobs/view/gerente-t%C3%A9cnico-4440337877,GERENTE TÉCNICO,Confidencial.,failed|wp_post_failed,2026-07-14T06:04:23.851117,
332293bfbb73a2a9,https://py.linkedin.com/jobs/view/encargado-financiero-y-de-control-de-gesti%C3%B3n-at-manpowergroup-4440022951,Encargado financiero y de control de gestión,ManpowerGroup,failed|wp_post_failed,2026-07-14T06:04:32.291101,
08d53419af0084c2,https://py.linkedin.com/jobs/view/supervisor-de-ventas-katuete-at-bebidas-del-paraguay-4439436467,Supervisor de Ventas - Katuete,,scraped,2026-07-14T06:04:34.926224,
eef4a216b9c8ed37,https://py.linkedin.com/jobs/view/asistente-administrativo-contable-at-lotomedco-4437273466,Asistente Administrativo Contable,,scraped,2026-07-14T06:04:45.677757,
be58d4803dcc60d0,https://py.linkedin.com/jobs/view/hr-operations-specialist-at-hyppies-4440381531,HR Operations Specialist,,scraped,2026-07-14T06:04:53.910262,
73e1a9b7e43d6e33,https://py.linkedin.com/jobs/view/senior-accountant-ca-cpa-at-aupy-consulting-e-a-s-4354803392,Senior Accountant (CA / CPA),,scraped,2026-07-14T06:05:00.875164,
47013642a9fa81f9,https://py.linkedin.com/jobs/view/legal-administrative-billing-assistant-at-veta-virtual-4439405700,Legal Administrative & Billing Assistant,,scraped,2026-07-14T06:05:08.758898,
46be6c539b75e12c,https://py.linkedin.com/jobs/view/truscale-channel-development-manager-gtp-at-lenovo-vehicle-computing-4439113013,TruScale Channel Development Manager - GTP,Lenovo Vehicle Computing,failed|wp_post_failed,2026-07-14T06:05:22.793598,
358e60e57adc0c79,https://py.linkedin.com/jobs/view/promotor-de-ventas-tiktok-live-at-rodaria-paraguay-4435903475,Promotor de ventas Tiktok Live,,scraped,2026-07-14T06:05:25.412685,
d4e1ecf5a4572ecd,https://py.linkedin.com/jobs/view/asesor-de-propiedades-at-la-patrona-py-4437298950,Asesor de propiedades,La Patrona py,failed|wp_post_failed,2026-07-14T06:05:40.603171,
250f3ba44de9e2a1,https://py.linkedin.com/jobs/view/asesor-de-ventas-at-jepuru-car-rent-a-car-4426848747,Asesor de ventas,,scraped,2026-07-14T06:05:43.209007,
0297eb1710a724f9,https://py.linkedin.com/jobs/view/asesora-comercial-at-master-shop-4430295601,Asesora comercial,,scraped,2026-07-14T06:05:55.504480,
724cd6ad17bd0fe8,https://py.linkedin.com/jobs/view/customer-retention-representative-at-veta-virtual-4439416415,Customer Retention Representative,,scraped,2026-07-14T06:06:02.541679,
4b2b70af998a4cd1,https://py.linkedin.com/jobs/view/account-manager-at-cs-outsource-4439478605,Account Manager,CS Outsource,failed|wp_post_failed,2026-07-14T06:06:13.621108,
3e7d88a8c9452005,https://py.linkedin.com/jobs/view/senior-accounting-manager-at-veta-virtual-4439401956,Senior Accounting Manager,,scraped,2026-07-14T06:06:16.297888,
9c6e680c305b6297,https://py.linkedin.com/jobs/view/cloud-saas-operations-manager-at-veta-virtual-4439404727,Cloud & SaaS Operations Manager,,scraped,2026-07-14T06:06:30.655233,
5957bf57a3f8ea9c,https://py.linkedin.com/jobs/view/senior-devsecops-engineer-remote-work-at-bairesdev-4439436645,Senior DevSecOps Engineer - Remote Work,BairesDev,failed|wp_post_failed,2026-07-14T06:06:41.577306,
e6fbee98dc756f0e,https://py.linkedin.com/jobs/view/mid-market-sales-representative-at-lenovo-vehicle-computing-4439107201,Mid-Market Sales Representative,Lenovo Vehicle Computing,failed|wp_post_failed,2026-07-14T06:06:50.060338,
65101585783af6fe,https://py.linkedin.com/jobs/view/it-sales-manager-director-at-lenovo-vehicle-computing-4438989944,IT Sales Manager/Director,Lenovo Vehicle Computing,failed|wp_post_failed,2026-07-14T06:06:58.446894,
4db16ab0534b1388,https://py.linkedin.com/jobs/view/senior-security-data-scientist-python-remote-work-at-bairesdev-4439438807,Senior Security Data Scientist (Python) - Remote Work,BairesDev,failed|wp_post_failed,2026-07-14T06:07:09.933239,
7eef4fd040cd6862,https://py.linkedin.com/jobs/view/senior-seo-content-strategist-at-veta-virtual-4439419350,Senior SEO Content Strategist,,scraped,2026-07-14T06:07:16.515905,
eb2352bad3d4f661,https://py.linkedin.com/jobs/view/ingeniero-de-software-senior-%E2%80%93-api-integrations-at-edge-mobile-ideas-4435999517,Ingeniero de Software Senior – API & Integrations,Edge Mobile Ideas,failed|wp_post_failed,2026-07-14T06:07:29.934341,
f52bef4ed679a56d,https://py.linkedin.com/jobs/view/ejecutivo-comercial-4437232297,Ejecutivo comercial,Entidad bancaria,failed|wp_post_failed,2026-07-14T06:07:36.754385,
b2d6e02554139b1a,https://py.linkedin.com/jobs/view/blockchain-engineer-remote-work-at-bairesdev-4439426504,Blockchain Engineer - Remote Work,BairesDev,failed|wp_post_failed,2026-07-14T06:07:50.248303,
1cd18e295008b228,https://py.linkedin.com/jobs/view/senior-security-scrum-master-remote-work-at-bairesdev-4440097294,Senior Security Scrum Master - Remote Work,BairesDev,failed|wp_post_failed,2026-07-14T06:07:57.866847,
818ae0bbb671d788,https://py.linkedin.com/jobs/view/staffing-fronters-consultant-remote-work-at-bairesdev-4440242045,Staffing Fronters Consultant - Remote Work,BairesDev,posted,2026-07-16T06:36:08.211514,148
9b2b72367618191d,https://py.linkedin.com/jobs/view/it-recruiter-remote-work-at-bairesdev-4439871987,IT Recruiter - Remote Work,BairesDev,posted,2026-07-16T06:36:13.396427,94
3604fd2fe2f51b3d,https://py.linkedin.com/jobs/view/banco-de-talentos-oportunidades-cargos-administrativos-at-adm-4431409234,Banco de Talentos: Oportunidades Cargos Administrativos,ADM,posted,2026-07-16T06:36:22.852161,368
32987f2994fe1486,https://py.linkedin.com/jobs/view/recruiting-manager-at-indi-staffing-services-4440997906,Recruiting Manager,INDI Staffing Services,posted,2026-07-16T06:36:35.440512,370
b280bbd9a262f0eb,https://py.linkedin.com/jobs/view/vehicle-listing-verification-specialist-at-veta-virtual-4440618809,Vehicle Listing & Verification Specialist,,scraped,2026-07-16T06:36:40.137746,
ac83d2bb5c002a55,https://py.linkedin.com/jobs/view/comprador-a-mt-at-inovant-rh-4438048263,Comprador(a) - MT,,scraped,2026-07-16T06:36:46.451168,
23c745958a776040,https://py.linkedin.com/jobs/view/community-manager-content-creator-at-master-shop-4438421382,Community Manager & Content Creator,,scraped,2026-07-16T06:36:55.022520,
ab2a20023dc1f3d1,https://py.linkedin.com/jobs/view/logistics-coordinator-assistant-at-pedidosya-4439850783,Logistics Coordinator Assistant,,scraped,2026-07-16T06:37:01.824382,
742f112a22b50246,https://py.linkedin.com/jobs/view/analytics-engineering-lead-at-skytel-4438404919,Analytics Engineering Lead,SkyTel,posted,2026-07-16T06:37:19.292358,372
14d9e6f58b5e6fbb,https://py.linkedin.com/jobs/view/business-development-representative-at-lokan-hr-4440962424,Business Development Representative,,scraped,2026-07-16T06:37:25.899385,
97135332015812a1,https://py.linkedin.com/jobs/view/billing-accounts-receivable-specialist-at-1840-company-4440844680,Billing & Accounts Receivable Specialist,1840 &amp; Company,posted,2026-07-16T06:37:39.536454,374
277741e95fe6a88a,https://py.linkedin.com/jobs/view/analista-de-cumplimiento-de-procesos-at-nestl%C3%A9-4441295094,Analista de Cumplimiento de Procesos,Nestlé,posted,2026-07-16T06:37:50.280009,376
5e1ea6b6ea535f8e,https://py.linkedin.com/jobs/view/junior-technical-operations-engineer-at-infobip-4423986300,Junior Technical Operations Engineer,,scraped,2026-07-16T06:37:56.981112,
88f39553e112f18b,https://py.linkedin.com/jobs/view/lps-datacenter-operator-at-lenovo-vehicle-computing-4439105247,[LPS] Datacenter Operator,Lenovo Vehicle Computing,posted,2026-07-16T06:38:10.072016,378
67b3b071952d5187,https://py.linkedin.com/jobs/view/project-manager-puku-at-fundaci%C3%B3n-san-jos%C3%A9-4437662989,Project Manager - Puku,Fundación San José,posted,2026-07-16T06:38:19.164240,380
e1d91f62255b9cef,https://py.linkedin.com/jobs/view/coordinador-para-programa-de-soporte-a-pacientes-at-iqvia-4439808561,Coordinador para Programa de Soporte a Pacientes,IQVIA,posted,2026-07-16T06:38:27.682451,382
6b8533d5ee111a9a,https://py.linkedin.com/jobs/view/customer-experience-executive-at-deriv-4430514430,Customer Experience Executive,,scraped,2026-07-16T06:38:30.449528,
121ff72336084d11,https://py.linkedin.com/jobs/view/workshop-fs-supervisor-at-w%C3%A4rtsil%C3%A4-4441410841,Workshop FS Supervisor,,scraped,2026-07-16T06:38:37.088469,
c0608f5975bbfe4b,https://py.linkedin.com/jobs/view/auxiliar-de-operaciones-comerciales-at-iides-4438008028,Auxiliar de Operaciones Comerciales,IIDES,posted,2026-07-16T06:38:52.877573,384
51afda9db5d4b3ab,https://py.linkedin.com/jobs/view/ingeniero-de-datos-hibrido-asunci%C3%B3n-paraguay-at-inmobiliaria-del-este-s-a-4438089695,Ingeniero de Datos (Hibrido Asunción-Paraguay),,scraped,2026-07-16T06:38:55.509180,
07a3c9af907bfbdf,https://py.linkedin.com/jobs/view/analista-de-compras-senior-at-human-experience-4438441870,Analista de Compras Senior,human experience,posted,2026-07-16T06:41:20.260037,386
debeabe535f96004,https://py.linkedin.com/jobs/view/analista-de-marketing-at-esmassiva-4438430197,Analista de marketing,,scraped,2026-07-16T06:41:22.862481,
db7ad6270371239e,https://py.linkedin.com/jobs/view/corporate-delegate-sales-at-ai-world-congress-4440994114,Corporate Delegate Sales,America Digital,posted,2026-07-16T06:41:41.701165,388
f34942264f106c35,https://py.linkedin.com/jobs/view/asistente-administrativo-comercial-at-lavoro-4438435679,ASISTENTE ADMINISTRATIVO COMERCIAL,LAVORO,posted,2026-07-16T06:41:50.643579,390
1a6fd74e5fde89d6,https://py.linkedin.com/jobs/view/representante-de-ventas-grupo-vierse-at-unilever-4439993835,Representante de Ventas (Grupo Vierse),Unilever,posted,2026-07-16T06:43:09.618147,392
8c1830d86b2ce89c,https://py.linkedin.com/jobs/view/tecnico-%40equipamientosgroupsrl-at-mc-consulting-management-change-4438420067,Tecnico @EquipamientosGroupSRL,,scraped,2026-07-16T06:43:12.230079,
fddaebe1e9ae1979,https://py.linkedin.com/jobs/view/jefe-a-de-producci%C3%B3n-agr%C3%ADcola-c%C3%ADtricos-at-camposol-s-a-4438069144,Jefe/a de Producción Agrícola - Cítricos,Camposol,posted,2026-07-16T06:43:29.395891,394
66c15474fa2a6377,https://py.linkedin.com/jobs/view/dise%C3%B1ador-gr%C3%A1fico-at-tiendas-maquicenter-4438438090,Diseñador gráfico,,scraped,2026-07-16T06:43:34.007511,
aaa3b3d9120709c1,https://py.linkedin.com/jobs/view/addetta-addetto-vendite-at-metro-italia-4439964696,Addetta/Addetto vendite,METRO Italia,posted,2026-07-16T06:44:55.741922,396
7cc26997aa0e16e7,https://py.linkedin.com/jobs/view/advance-water-and-wastewater-engineer-at-airswift-4438119566,Advance Water and Wastewater Engineer,Airswift,posted,2026-07-16T06:45:08.590509,398
4e02ca060c7dae7c,https://py.linkedin.com/jobs/view/vendedor-a-comercial-biling%C3%BCe-presencial-paraguay-cdl-at-guv-rh-4438029730,Vendedor/a Comercial Bilingüe - Presencial Paraguay CDL,,scraped,2026-07-16T06:45:11.227393,
9c58a9b81ecb7b98,https://py.linkedin.com/jobs/view/mentor-mtc-programa-mi-primer-empleo-at-the-church-of-jesus-christ-of-latter-day-saints-4301365464,Mentor MTC - Programa Mi Primer Empleo,The Church of Jesus Christ of Latter-day Saints,posted,2026-07-16T06:45:32.582816,400
1746d3fdd1925e26,https://py.linkedin.com/jobs/view/agente-inmobiliario-at-approach-business-builder-4437258949,Agente inmobiliario,Approach Business Builder,posted,2026-07-16T06:45:42.821663,402
3d94fc2c9c762614,https://py.linkedin.com/jobs/view/asesor-de-ventas-alquileres-at-proyec-sae-4438405705,Asesor de Ventas & Alquileres,Proyec SAE,posted,2026-07-16T06:46:59.173171,404
7ec835be2ef1600e,https://py.linkedin.com/jobs/view/scrum-master-remote-work-at-bairesdev-4439933104,Scrum Master - Remote Work,BairesDev,posted,2026-07-16T06:47:03.959130,162
dbc9ab7270a3b3cc,https://py.linkedin.com/jobs/view/treasury-analyst-at-veta-virtual-4440629181,Treasury Analyst,,scraped,2026-07-16T06:47:06.643156,
896cb90586d60fa7,https://py.linkedin.com/jobs/view/sr-qa-engineer-at-edge-mobile-ideas-4436636074,Sr QA Engineer,Edge Mobile Ideas,posted,2026-07-16T06:49:28.589297,406
5ebc3ea8fc48af58,https://py.linkedin.com/jobs/view/ingeniero-de-datos-at-skytel-4437692127,Ingeniero de datos,SkyTel,posted,2026-07-16T06:49:41.252007,408
4434da4c3938dfd1,https://py.linkedin.com/jobs/view/senior-technical-program-manager-remote-work-at-bairesdev-4439920562,Senior Technical Program Manager - Remote Work,BairesDev,posted,2026-07-16T06:49:46.453885,252
764183a729a9ad53,https://py.linkedin.com/jobs/view/senior-technical-program-manager-remote-work-at-bairesdev-4439467396,Senior Technical Program Manager - Remote Work,BairesDev,scraped,2026-07-16T06:49:50.759481,
d769147c398e31a7,https://py.linkedin.com/jobs/view/staff-accountant-at-veta-virtual-4440619799,Staff Accountant,,scraped,2026-07-16T06:49:53.442286,
0478389751162fc8,https://py.linkedin.com/jobs/view/solutions-services-executive-at-lenovo-vehicle-computing-4439117617,Solutions & Services Executive,Lenovo Vehicle Computing,posted,2026-07-16T06:50:06.371776,410
759808be665db236,https://py.linkedin.com/jobs/view/coordinador-de-administraci%C3%B3n-y-finanzas-at-skytel-4438004352,Coordinador de Administración y Finanzas,SkyTel,posted,2026-07-16T06:50:19.244534,412
9812c59ac0390ffb,https://py.linkedin.com/jobs/view/senior-security-scrum-master-remote-work-at-bairesdev-4439916059,Senior Security Scrum Master - Remote Work,BairesDev,posted,2026-07-16T06:50:25.994917,238
041075565d061c60,https://py.linkedin.com/jobs/view/sales-executive-for-campus-live-remote-work-at-bairesdev-4439934000,Sales Executive for Campus Live - Remote Work,BairesDev,posted,2026-07-16T06:50:30.940911,298
5ad7f2fd2b8e30ef,https://py.linkedin.com/jobs/view/global-account-manager-automation-at-lenovo-vehicle-computing-4438990932,Global Account Manager (Automation),Lenovo Vehicle Computing,posted,2026-07-16T06:50:39.903795,414
77c9ffb9d5a43fe8,https://py.linkedin.com/jobs/view/product-security-engineer-remote-work-ref%23298301-at-bairesdev-4440862201,Product Security Engineer - Remote Work | REF#298301,BairesDev,posted,2026-07-16T06:50:47.856010,416
50b5b737e7caee93,https://py.linkedin.com/jobs/view/application-security-engineer-checkmarx-sast-trabajo-remoto-ref%23298347-at-bairesdev-4440853767,Application Security Engineer (Checkmarx / SAST) - Trabajo Remoto | REF#298347,BairesDev,posted,2026-07-16T06:50:56.621015,418
991dffa8636b45e1,https://py.linkedin.com/jobs/view/product-security-engineer-remote-work-ref%23298279-at-bairesdev-4440864104,Product Security Engineer - Remote Work | REF#298279,BairesDev,posted,2026-07-16T06:51:05.703970,420
59c2a14c6e88178c,https://py.linkedin.com/jobs/view/data-platform-lead-at-skytel-4438424254,Data Platform Lead,SkyTel,posted,2026-07-16T06:52:23.801722,422
8663d358ad79620f,https://py.linkedin.com/jobs/view/application-security-engineer-checkmarx-sast-remote-work-ref%23298335-at-bairesdev-4440846958,Application Security Engineer (Checkmarx / SAST) - Remote Work | REF#298335,BairesDev,posted,2026-07-16T06:52:35.155190,424
80684e9cf89261a9,https://py.linkedin.com/jobs/view/addetto-a-alle-vendite-categorie-protette-ex-art-18-legge-68-99-at-metro-italia-4439975272,Addetto/a alle vendite Categorie Protette - ex art. 18 Legge 68/99,METRO Italia,posted,2026-07-16T06:52:47.228974,426
845cbcae6e62072d,https://py.linkedin.com/jobs/view/freelance-computational-linguist-intermediate-ai-community-at-telus-digital-ai-data-solutions-4440046173,Freelance Computational Linguist- Intermediate (AI Community),TELUS Digital AI Data Solutions,posted,2026-07-16T06:52:59.023032,428
dfc6d6fb91a4d7e8,https://py.linkedin.com/jobs/view/senior-salesforce-engineer-commerce-cloud-at-apply-4441417575,Senior Salesforce Engineer (Commerce Cloud),,scraped,2026-07-16T06:53:01.712044,
a5c0446dd5bb57df,https://py.linkedin.com/jobs/view/senior-full-stack-java-engineer-java-%2B-angular-at-applaudo-4440859723,Senior Full Stack Java Engineer (Java + Angular),,scraped,2026-07-16T06:55:18.466585,
b6df6b766fc3e789,https://py.linkedin.com/jobs/view/senior-security-data-scientist-python-remote-work-at-bairesdev-4439907220,Senior Security Data Scientist (Python) - Remote Work,BairesDev,posted,2026-07-16T06:56:31.140055,300
239dfbe1f619c6ee,https://py.linkedin.com/jobs/view/chemistry-lab-data-specialist-intermediate-ai-community-at-telus-digital-ai-data-solutions-4440032862,Chemistry & Lab Data Specialist - Intermediate (AI Community),TELUS Digital AI Data Solutions,posted,2026-07-16T06:56:39.332636,430
94707f77ec7c51bb,https://py.linkedin.com/jobs/view/it-recruiter-at-manpowergroup-paraguay-4441994929,IT Recruiter,,scraped,2026-07-18T05:54:53.261879,
b0f741e9bdfa61ae,https://py.linkedin.com/jobs/view/talent-acquisition-specialist-at-toptal-4431883738,Talent Acquisition Specialist,Toptal,posted,2026-07-18T05:55:10.908425,432
92c29cb717d439e2,https://py.linkedin.com/jobs/view/reponedor-picker-gran-asunci%C3%B3n-at-pedidosya-4242994148,Reponedor/Picker -Gran Asunción,,scraped,2026-07-18T05:55:15.504247,
27d8c4092ca04d78,https://py.linkedin.com/jobs/view/asistente-de-n%C3%B3mina-at-ey-4372599090,Asistente de Nómina,EY,posted,2026-07-18T05:55:30.184997,434
f54080c427fc79a8,https://py.linkedin.com/jobs/view/analista-senior-financiero-cobranzas-y-deducciones-at-nestl%C3%A9-4440355151,Analista Senior Financiero - Cobranzas y Deducciones,Nestlé,posted,2026-07-18T05:55:40.085363,436
dedaf8fb86d1c4a2,https://py.linkedin.com/jobs/view/asesor-a-de-ventas-externas-at-record-electric-saeca-4441135855,Asesor/a de Ventas Externas,,scraped,2026-07-18T05:55:44.669768,
e5e877b73809a660,https://py.linkedin.com/jobs/view/analista-de-compras-internacionales-at-leoni-paraguay-4424407171,Analista de Compras Internacionales,,scraped,2026-07-18T05:55:55.045263,
9777bc8eb280f30d,https://py.linkedin.com/jobs/view/sales-representative-at-elvtr-4441637196,Sales Representative,ELVTR,posted,2026-07-18T05:56:06.541451,438
1332042fd4951423,https://py.linkedin.com/jobs/view/allestitori-cervia-at-quickly-well-srl-4441613503,Allestitori - CERVIA,,scraped,2026-07-18T05:56:09.074816,
05df9717426076ae,https://py.linkedin.com/jobs/view/dise%C3%B1ador-ux-ui-py-at-core-code-io-4438951791,Diseñador UX/UI PY,Core Code io,posted,2026-07-18T05:56:22.290921,440
d9e47c4f3ac0449e,https://py.linkedin.com/jobs/view/%C2%A1%C3%BAnete-a-nuestro-equipo%21-franquiciado-zara-bershka-massimo-dutti-paseo-la-galer%C3%ADa-at-trade-alliance-corporation-4439940883,"¡Únete a nuestro equipo! Franquiciado: ZARA, BERSHKA, MASSIMO DUTTI - Paseo la Galería",,scraped,2026-07-18T05:56:25.032242,
5f0f23102b038810,https://py.linkedin.com/jobs/view/senior-graphic-designer-at-whs-inc-4440882854,Senior Graphic Designer,WHS Inc.,posted,2026-07-18T05:56:41.273536,442
fc82c425bda78009,https://py.linkedin.com/jobs/view/nyc-mep-drafter-engineer-at-remoteva-4438964494,NYC MEP Drafter/Engineer,RemoteVA,posted,2026-07-18T05:56:51.992037,444
2f58661a7a83e312,https://py.linkedin.com/jobs/view/business-intelligence-engineer-at-sur-global-4439555894,Business Intelligence Engineer,Sur Global,posted,2026-07-18T05:56:59.047852,446
509713effe6a47b1,https://py.linkedin.com/jobs/view/project-manager-remote-work-at-bairesdev-4439865901,Project Manager - Remote Work,BairesDev,posted,2026-07-18T05:57:05.724324,324
0d1b08b8efbee552,https://py.linkedin.com/jobs/view/asistente-jr-de-analista-financiero-at-mirca-business-group-4439264280,Asistente Jr de Analista Financiero,,scraped,2026-07-18T05:57:08.277891,
8b0a86074c7a8a52,https://py.linkedin.com/jobs/view/coordinador-unidad-de-reventa-y-alquileres-de-inmuebles-at-talent-connect-4441147140,Coordinador - Unidad de Reventa y Alquileres de Inmuebles,Talent Connect,posted,2026-07-18T05:57:21.078616,448
285a6e0d740fdaaf,https://py.linkedin.com/jobs/view/inbound-sales-performance-leader-at-express-chipping-inc-4439754209,Inbound Sales Performance Leader,"Express Chipping, Inc.",posted,2026-07-18T05:57:29.394478,450
5dc0ef9aed866d0a,https://py.linkedin.com/jobs/view/junior-financial-specialist-at-consorcio-holding-4439262532,Junior Financial Specialist,,scraped,2026-07-18T05:57:31.926183,
9690cdd16009d762,https://py.linkedin.com/jobs/view/solution-architect-warehouse-automation-at-lenovo-vehicle-computing-4439834563,Solution Architect (Warehouse Automation),Lenovo Vehicle Computing,posted,2026-07-18T05:57:43.941991,452
3b7bdba291cda7e1,https://py.linkedin.com/jobs/view/t%C3%A9cnico-de-seguridad-at-rocktree-4440749044,Técnico de Seguridad,Rocktree,posted,2026-07-18T05:57:52.261867,454
650f70b065aa2b3d,https://py.linkedin.com/jobs/view/associate-operation-mgmt-specialist-at-lenovo-vehicle-computing-4441156910,Associate Operation Mgmt Specialist,Lenovo Vehicle Computing,posted,2026-07-18T05:58:03.456173,456
aa4245ba529e8d85,https://py.linkedin.com/jobs/view/associate-operation-mgmt-specialist-at-lenovo-vehicle-computing-4441177036,Associate Operation Mgmt Specialist,Lenovo Vehicle Computing,scraped,2026-07-18T05:58:07.583679,
f6b38bd66513be30,https://py.linkedin.com/jobs/view/mandarin-speaking-business-development-manager-bdm-%E2%80%93-robotics-physical-ai-at-lenovo-vehicle-computing-4439841428,Mandarin Speaking - Business Development Manager (BDM) – Robotics & Physical AI,Lenovo Vehicle Computing,posted,2026-07-18T05:58:15.952105,458
3d10ca14722fd58d,https://py.linkedin.com/jobs/view/vendedores-para-ventas-consultivas-4439271722,Vendedores para ventas consultivas,COMAGRO SA,posted,2026-07-18T05:58:24.547478,460
0da2184112f5fff5,https://py.linkedin.com/jobs/view/legal-intake-specialist-at-veta-virtual-4441386932,Legal Intake Specialist,,scraped,2026-07-18T05:58:27.169768,
beeb2c8bed41ceee,https://py.linkedin.com/jobs/view/sr-human-resources-analyst-at-louis-dreyfus-company-4438709161,Sr. Human Resources Analyst,Louis Dreyfus Company,posted,2026-07-18T05:58:38.745708,208
644c999d2f8ac79f,https://py.linkedin.com/jobs/view/paraguay-online-language-school-franchise-partnership-at-lingua-learn-franchise-group-4441434686,Paraguay Online Language School Franchise Partnership,Lingua Learn Franchise Group,posted,2026-07-18T05:58:48.024825,132
cd40ea29b114e09b,https://py.linkedin.com/jobs/view/coordinador-de-almacenamiento-y-transporte-at-puratos-4439267613,Coordinador de Almacenamiento y Transporte,,scraped,2026-07-18T05:58:50.422367,
aa24dc71c03c7361,https://py.linkedin.com/jobs/view/asesor-de-ventas-externas-suc-coronel-oviedo-at-record-electric-saeca-4439412775,Asesor de Ventas Externas - Suc. Coronel Oviedo.,,scraped,2026-07-18T05:58:56.489054,
762c374cdfa62279,https://py.linkedin.com/jobs/view/asesor-de-ventas-de-sal%C3%B3n-suc-santa-rita-at-record-electric-saeca-4441706086,Asesor de Ventas de Salón - Suc. Santa Rita,,scraped,2026-07-18T05:59:09.649100,
c1619b1410556f14,https://py.linkedin.com/jobs/view/backend-medio-c%23-at-clt-sa-4438417712,Backend Medio C#,CLT SA,posted,2026-07-18T05:59:27.867929,462
edaf0d6edc19a3d3,https://py.linkedin.com/jobs/view/senior-java-kafka-developer-at-talan-4441215332,Senior Java/Kafka Developer,,scraped,2026-07-18T05:59:30.450348,
f42b92da5879dccf,https://py.linkedin.com/jobs/view/technical-support-engineer-remote-work-at-bairesdev-4440744024,Technical Support Engineer - Remote Work,BairesDev,posted,2026-07-18T05:59:42.336809,464
12edffbdb387edac,https://py.linkedin.com/jobs/view/talent-network-social-media-brand-strategist-at-toptal-4441902877,Talent Network Social Media Brand Strategist,Toptal,posted,2026-07-18T05:59:52.074794,466
86d6cedc21519437,https://py.linkedin.com/jobs/view/senior-data-scientist-at-epam-systems-4438491149,Senior Data Scientist,EPAM Systems,posted,2026-07-18T05:59:58.959253,468
fe2b6740b634eee5,https://py.linkedin.com/jobs/view/advanced-environmental-air-engineer-at-airswift-4438113973,Advanced Environmental Air Engineer,Airswift,posted,2026-07-18T06:00:09.240492,470
b5cfd7f5f32637c8,https://py.linkedin.com/jobs/view/senior-seo-content-strategist-at-veta-virtual-4440636052,Senior SEO Content Strategist,,scraped,2026-07-18T06:00:11.898065,
a5871094092bf7e9,https://py.linkedin.com/jobs/view/fluvial-logistic-coordinator-at-impala-terminals-4431151622,Fluvial Logistic Coordinator,,scraped,2026-07-18T06:00:20.209927,
93f2e995d3e2e012,https://py.linkedin.com/jobs/view/senior-qa-auditor-remote-work-at-bairesdev-4440747314,Senior QA Auditor - Remote Work,BairesDev,posted,2026-07-18T06:00:31.900267,472
86077b6808735986,https://py.linkedin.com/jobs/view/ubuntu-linux-user-for-ai-data-training-at-sme-careers-4431360893,Ubuntu/Linux User for AI Data Training,SME Careers,posted,2026-07-18T06:00:43.661716,474
9595346e389b3160,https://py.linkedin.com/jobs/view/senior-seo-account-manager-at-veta-virtual-4440615948,Senior SEO Account Manager,,scraped,2026-07-18T06:00:46.268260,
8f5080f934864137,https://py.linkedin.com/jobs/view/senior-aws-cloud-infrastructure-engineer-%E2%80%93-dns-edge-latam-remote-at-braintrust-4442181793,Senior AWS Cloud Infrastructure Engineer – DNS & Edge (LATAM-Remote),Braintrust,posted,2026-07-18T06:00:57.266857,476
56778c4c93650b70,https://py.linkedin.com/jobs/view/it-operations-engineer-at-deriv-4439196177,IT Operations Engineer,,scraped,2026-07-18T06:00:59.886177,
88d0337960b0509a,https://py.linkedin.com/jobs/view/oiler-at-dp-world-3767705060,OILER,,scraped,2026-07-20T08:30:11.230762,
961f7e128e5cb5c2,https://py.linkedin.com/jobs/view/estudiante-de-ingenieria-industrial-at-proximotrabajo-4439616641,Estudiante De Ingenieria Industrial,proximotrabajo,posted,2026-07-20T08:30:43.240957,478
1df01976d643e8f1,https://py.linkedin.com/jobs/view/hr-officer-at-digitalpharmasummit-4442507283,HR Officer,DigitalPharmaSummit,posted,2026-07-20T08:31:08.235436,480
2730bafdea44a8bb,https://py.linkedin.com/jobs/view/t%C3%A9cnico-em-agropecu%C3%A1ria-jr-%E2%80%93-it%C3%A1-santa-catarina-%E2%80%93-sc-candidaturas-abertas-at-buscarvagas-empregos-brasil-4438796503,Técnico em Agropecuária Jr. – Itá/ Santa Catarina – SC - Candidaturas Abertas,,scraped,2026-07-20T08:31:10.854118,
cca44bba3bb90b83,https://py.linkedin.com/jobs/view/customer-success-representative-ganader%C3%ADa-agtech-at-ixorigue-4439678700,Customer Success Representative (Ganadería / AgTech),,scraped,2026-07-20T08:31:22.157455,
bd5b273527c277a8,https://py.linkedin.com/jobs/view/arquitecto-at-mi-proyecto-mp-4437682854,Arquitecto,Mi Proyecto MP,posted,2026-07-20T08:31:46.721540,482
4e0e93b3fab5ef09,https://py.linkedin.com/jobs/view/business-development-representative-for-the-us-market-at-elvtr-4442108545,Business Development Representative for the US market,ELVTR,posted,2026-07-20T08:31:54.321840,484
94826bee58ec93b5,https://py.linkedin.com/jobs/view/customer-support-specialist-at-veta-virtual-4440630194,Customer Support Specialist,,scraped,2026-07-20T08:31:56.945771,
93dc20e6fd6ad64b,https://py.linkedin.com/jobs/view/asesor-a-especialista-en-iluminaci%C3%B3n-at-record-electric-saeca-4441309315,Asesor/a Especialista en Iluminación,,scraped,2026-07-20T08:32:03.183901,
60690e8e626217f3,https://py.linkedin.com/jobs/view/finance-specialist-at-lula-4438729394,Finance Specialist,Lula,posted,2026-07-20T08:32:19.879225,486
fbfe704fa001838e,https://py.linkedin.com/jobs/view/chofer-at-fadel-transportes-e-log%C3%ADstica-4439689571,Chofer,Fadel Transportes e Logística,posted,2026-07-20T08:32:34.062615,488
762b1248747ebd55,https://py.linkedin.com/jobs/view/subgerente-de-tecnolog%C3%ADa-de-la-informaci%C3%B3n-4442408397,Subgerente de Tecnología de la Información,Confidencial.,posted,2026-07-20T08:32:40.817498,490
4d2d3295cf69b941,https://py.linkedin.com/jobs/view/housing-specialist-at-cs-outsource-4440794903,Housing Specialist,CS Outsource,posted,2026-07-20T08:32:48.555351,492
a95865469a588f85,https://py.linkedin.com/jobs/view/legal-administrative-billing-assistant-at-veta-virtual-4440615950,Legal Administrative & Billing Assistant,,scraped,2026-07-20T08:32:55.257312,
18c84b0354761719,https://py.linkedin.com/jobs/view/application-security-engineer-checkmarx-sast-remote-work-ref%23298313-at-bairesdev-4440868040,Application Security Engineer (Checkmarx / SAST) - Remote Work | REF#298313,BairesDev,posted,2026-07-20T08:33:15.291728,494
fffe64958c322199,https://py.linkedin.com/jobs/view/ai-qa-engineer-agentic-testing-at-applaudo-4440850869,AI QA Engineer (Agentic Testing),,scraped,2026-07-20T08:33:19.953072,
1a438b83cfc4cf40,https://py.linkedin.com/jobs/view/devops-i%2Bd-trabajo-remoto-at-bairesdev-4439426283,DevOps / I+D - Trabajo Remoto,BairesDev,posted,2026-07-20T08:33:33.780187,496
5f0808f332322ab9,https://py.linkedin.com/jobs/view/shipping-receiving-clerk-i-at-cargill-4432890507,Shipping & Receiving Clerk I,Cargill,posted,2026-07-20T08:33:42.511981,498
201fae328983ba3b,https://py.linkedin.com/jobs/view/senior-software-engineer-node-angular-remote-latin-america-at-kake-4438045237,Senior Software Engineer (Node/Angular) - Remote - Latin America,Kake,posted,2026-07-20T08:33:50.506702,500
e13e60691e271422,https://py.linkedin.com/jobs/view/gerente-de-operaciones-de-ventas-bpo-at-ja-dialog-paraguay-4438007117,Gerente de operaciones de ventas BPO,,scraped,2026-07-20T08:33:53.143374,
b6a0837e17b4e459,https://py.linkedin.com/jobs/view/senior-site-reliability-engineer-sre-remote-work-at-bairesdev-4439904788,Senior Site Reliability Engineer (SRE) - Remote Work,BairesDev,posted,2026-07-20T08:34:06.611401,278
45ce2a4c542128c5,https://py.linkedin.com/jobs/view/qa-mobile-automation-engineer-at-applaudo-4440087040,QA Mobile Automation Engineer,,scraped,2026-07-20T08:34:09.246587,
864360e04b89995e,https://py.linkedin.com/jobs/view/substitute-bus-drivers%0Asubstitute-bus-aides-at-lyndonville-middle-school-4442912475,"Substitute Bus Drivers
Substitute Bus Aides",Lyndonville Middle School,posted,2026-07-22T07:43:23.084736,502
a5d000b5256b6483,https://py.linkedin.com/jobs/view/staffing-fronters-consultant-remote-work-at-bairesdev-4442678561,Staffing Fronters Consultant - Remote Work,BairesDev,posted,2026-07-22T07:43:28.105931,148
63d2c4f1ea4ea591,https://py.linkedin.com/jobs/view/recruitment-coordinator-at-national-services-group-inc-4442695549,Recruitment Coordinator,"National Services Group, Inc.",posted,2026-07-22T07:43:40.157745,504
e8bed0c7d0dc16de,https://py.linkedin.com/jobs/view/talent-quality-auditor-remote-work-at-bairesdev-4442682988,Talent Quality Auditor - Remote Work,BairesDev,posted,2026-07-22T07:43:48.377563,506
f9719876c2da2af5,https://py.linkedin.com/jobs/view/jefe-de-ventas-aygas-at-apolo-import-s-a-4442220103,Jefe de Ventas AYGAS,,scraped,2026-07-22T07:44:03.078867,
f853db5ed6979448,https://py.linkedin.com/jobs/view/analista-de-procesamiento-de-datos-pry-at-craft-4441749820,ANALISTA DE PROCESAMIENTO DE DATOS_PRY,,scraped,2026-07-22T07:44:10.780477,
6af4f3e7fda67522,https://py.linkedin.com/jobs/view/asesor-a-especialista-en-energia-at-record-electric-saeca-4441304580,Asesor/a Especialista en Energia,,scraped,2026-07-22T07:44:23.972237,
5f7700c66714c2a2,https://py.linkedin.com/jobs/view/creador-a-de-contenido-pov-para-ia-remoto-at-mindrift-data-annotation-projects-4443369199,Creador(a) de Contenido POV para IA - Remoto,Mindrift Data Annotation Projects,posted,2026-07-22T07:44:42.928742,508
8ca5f67dc82beab8,https://py.linkedin.com/jobs/view/digital-social-media-analyst-at-nestl%C3%A9-4441683534,Digital Social Media Analyst,Nestlé,posted,2026-07-22T07:44:55.920222,510
7e37c32074f2659c,https://py.linkedin.com/jobs/view/asistente-senior-de-soporte-a-compras-contrato-temporal-por-6-meses-at-nestl%C3%A9-4442140031,Asistente Senior de Soporte a Compras (Contrato Temporal por 6 Meses),Nestlé,posted,2026-07-22T07:45:07.879490,512
1dfa6548caf55c4e,https://py.linkedin.com/jobs/view/logistics-manager-%E2%80%93-automotive-greenfield-plant-at-pkc-group-4443386000,Logistics Manager  –  Automotive/greenfield plant,,scraped,2026-07-22T07:45:10.580470,
0e078cefd2950832,https://py.linkedin.com/jobs/view/base-de-talentos-especialista-en-proyectos-de-design-para-empaques-at-nestl%C3%A9-4442750815,Base de Talentos | Especialista en Proyectos de Design para Empaques,Nestlé,posted,2026-07-22T07:45:26.415735,514
20d6ed11d8a2f01a,https://py.linkedin.com/jobs/view/hairdressers-for-norway-at-eutalents-4441380809,Hairdressers for Norway,EUTALENTS,posted,2026-07-22T07:45:40.479853,516
6bac07d9d0571836,https://py.linkedin.com/jobs/view/auxiliar-de-dise%C3%B1o-gr%C3%A1fico-pre-prensa-at-balotta-ricart-group-4440142489,Auxiliar de Diseño Gráfico Pre-Prensa,Balotta Ricart Group,posted,2026-07-22T07:45:51.101503,518
50ffe4189cf3a40d,https://py.linkedin.com/jobs/view/supervisor-de-calidad-at-confidential-4439240933,Supervisor de Calidad,Confidential,posted,2026-07-22T07:46:02.601587,520
2bd86439d98cb5b0,https://py.linkedin.com/jobs/view/technical-customer-engineer-latam-at-reap-4443088439,Technical Customer Engineer (LATAM),,scraped,2026-07-22T07:46:05.443107,
ab834bc0b5e1c746,https://py.linkedin.com/jobs/view/experienced-spanish-interpreter-latam-at-kreato-global-bpo-and-language-solutions-4438738418,Experienced Spanish Interpreter  (LATAM),Kreato Global | BPO and Language Solutions,posted,2026-07-22T07:46:17.383053,522
215a46c501f48957,https://py.linkedin.com/jobs/view/dise%C3%B1ador-gr%C3%A1fico-at-hogar-feliz-4428288504,Diseñador gráfico,Hogar Feliz,posted,2026-07-22T07:46:26.341453,524
f3479d81f246369f,https://py.linkedin.com/jobs/view/capo-reparto-carne-at-metro-italia-4442659546,Capo Reparto Carne,METRO Italia,posted,2026-07-22T07:46:38.995191,526
11e348d7f079e2e1,https://py.linkedin.com/jobs/view/principal-agentic-engineer-front-end-at-apply-4375437940,Principal Agentic Engineer (Front-end),,scraped,2026-07-22T07:46:45.700624,
13317c3a7aad105e,https://py.linkedin.com/jobs/view/go-to-market-engineer-remote-work-at-bairesdev-4442623979,Go-to-Market Engineer - Remote Work,BairesDev,posted,2026-07-22T07:46:59.230375,528
9b2642780f84e8c7,https://py.linkedin.com/jobs/view/senior-security-data-scientist-python-remote-work-at-bairesdev-4442668351,Senior Security Data Scientist (Python) - Remote Work,BairesDev,posted,2026-07-22T07:47:04.227612,300
e6add0ddb7234f9b,https://py.linkedin.com/jobs/view/principal-agentic-engineer-back-end-at-apply-4375443747,Principal Agentic Engineer (Back-end),,scraped,2026-07-22T07:47:08.882598,
613d3c3b635e6b37,https://py.linkedin.com/jobs/view/application-security-engineer-checkmarx-sast-remote-work-at-bairesdev-4442679591,Application Security Engineer (Checkmarx / SAST) - Remote Work,BairesDev,posted,2026-07-22T07:47:19.754698,190
96be690771256d84,https://py.linkedin.com/jobs/view/application-security-engineer-checkmarx-sast-remote-work-at-bairesdev-4442681457,Application Security Engineer (Checkmarx / SAST) - Remote Work,BairesDev,posted,2026-07-22T07:47:26.803412,190
fae4ee99044f35d3,https://py.linkedin.com/jobs/view/no-fue-el-final-at-booknet-4443141477,No fue el final,,scraped,2026-07-24T07:41:47.451344,
8920046f147f8b1f,https://py.linkedin.com/jobs/view/user-acquisition-jr-manager-at-idt-corporation-4443961188,User Acquisition Jr. Manager,IDT Corporation,failed|wp_post_failed,2026-07-24T07:42:03.311749,
d370fe30f92fff01,https://py.linkedin.com/jobs/view/crm-manager-remote-work-at-bairesdev-4443128944,CRM Manager - Remote Work,BairesDev,failed|wp_post_failed,2026-07-24T07:42:16.122833,
678be3439c11a2a0,https://py.linkedin.com/jobs/view/tres-claves-que-definir%C3%A1n-el-futuro-de-las-agencias-espa%C3%B1olas-en-2025-at-eurol%C3%ADderes-4444415864,Tres claves que definirán el futuro de las agencias españolas en 2025,,scraped,2026-07-24T07:42:20.437854,
76ed45a5f5678cef,https://py.linkedin.com/jobs/view/laborfox-la-plataforma-que-valida-el-talento-con-pruebas-online-para-acceder-a-un-trabajo-cualificado-at-eurol%C3%ADderes-4444774050,"LaborFox, la plataforma que valida el talento con pruebas online para acceder a un trabajo cualificado",,scraped,2026-07-24T07:42:26.661367,
634a289f4e087fb2,https://py.linkedin.com/jobs/view/the-valley-y-turium-crean-un-programa-formativo-pionero-en-liderazgo-tur%C3%ADstico-at-eurol%C3%ADderes-4444758630,The Valley y Turium crean un programa formativo pionero en liderazgo turístico,,scraped,2026-07-24T07:42:34.663257,
7798b095a1ba7fc4,https://py.linkedin.com/jobs/view/agora-sant-cugat-international-school-logra-el-reconocimiento-de-aulaplaneta-como-escuela-digital-referente-at-eurol%C3%ADderes-4444763295,Agora Sant Cugat International School logra el reconocimiento de aulaPlaneta como Escuela Digital Referente,,scraped,2026-07-24T07:42:40.468200,
c802f7fea6a0acba,https://py.linkedin.com/jobs/view/ana-portaceli-nueva-directora-de-relaciones-institucionales-de-s2-grupo-at-eurol%C3%ADderes-4444764178,"Ana Portaceli, nueva directora de Relaciones Institucionales de S2 Grupo",,scraped,2026-07-24T07:42:46.644702,
b59120763d73af7d,https://py.linkedin.com/jobs/view/m%C3%A9dico-generalista-at-cossma-4441305350,MÉDICO GENERALISTA,COSSMA,failed|wp_post_failed,2026-07-24T07:43:00.968895,
c97aac18d3af9018,https://py.linkedin.com/jobs/view/specialista-di-store-at-metro-italia-4442650879,Specialista di Store,METRO Italia,failed|wp_post_failed,2026-07-24T07:43:13.211944,
ed6f126ebe87b046,https://py.linkedin.com/jobs/view/asesor-a-de-televentas-at-record-electric-saeca-4443733168,Asesor/a de Televentas,,scraped,2026-07-24T07:43:15.896305,
97a578ef7991a9af,https://py.linkedin.com/jobs/view/analista-senior-de-riesgo-de-cr%C3%A9dito-y-monitoreo-at-ita%C3%BA-paraguay-4443368959,Analista Senior de Riesgo de Crédito y Monitoreo,,scraped,2026-07-24T07:43:27.571929,
1c6ef0d6f3832ae0,https://py.linkedin.com/jobs/view/coordinador-de-atendimento-y-relacionamento-al-cliente-at-ffa-flavors-and-fragrances-of-america-4441515946,COORDINADOR DE ATENDIMENTO Y RELACIONAMENTO AL CLIENTE,FFA (Flavors and Fragrances of America),failed|wp_post_failed,2026-07-24T07:43:43.165992,
7d0bd4242b427d6d,https://py.linkedin.com/jobs/view/vide%C3%B3grafo-at-starmedia-4441526583,Videógrafo,,scraped,2026-07-24T07:43:47.782477,
64c64b8dbfc8eb43,https://py.linkedin.com/jobs/view/asistente-de-recursos-visuales-at-chaco-internacional-s-a-4441058813,Asistente de Recursos Visuales,,scraped,2026-07-24T07:43:54.639008,
298d4142bc3e5e71,https://py.linkedin.com/jobs/view/content-manager-at-investpa-4441514999,Content Manager,INVESTPA,failed|wp_post_failed,2026-07-24T07:44:08.836649,
be33fecb7028271e,https://py.linkedin.com/jobs/view/kundenservice-mitarbeiter-im-homeoffice-at-globl-contact-4441986795,Kundenservice Mitarbeiter - im Homeoffice,,scraped,2026-07-24T07:44:11.443060,
70121083f9e051fe,https://py.linkedin.com/jobs/view/asesor-comercial-at-claro-argentina-4443439516,Asesor Comercial,,scraped,2026-07-24T07:44:19.327464,
a1e8b55d0ceb1602,https://py.linkedin.com/jobs/view/medallia-anuncia-re-imagine-un-evento-virtual-centrado-en-la-experiencia-de-cliente-de-empleado-y-de-paciente-at-eurol%C3%ADderes-4444766467,"Medallia anuncia re:Imagine, un evento virtual centrado en la Experiencia de Cliente, de Empleado y de Paciente",,scraped,2026-07-24T07:44:30.758184,
4044ad56f755875e,https://py.linkedin.com/jobs/view/patient-care-rep-dallas-oculoplastics-at-novamed-4444243712,Patient Care Rep- Dallas Oculoplastics,Novamed,failed|wp_post_failed,2026-07-24T07:44:43.027829,
8cf0d88b9ce1e9ba,https://py.linkedin.com/jobs/view/analista-de-recursos-humanos-at-sgf-global-4444476108,Analista de recursos humanos,SGF Global,failed|wp_post_failed,2026-07-24T07:44:51.716943,
c263ff39f875e80c,https://py.linkedin.com/jobs/view/nova-talent-da-a-conocer-la-lista-de-los-111-j%C3%B3venes-espa%C3%B1oles-m%C3%A1s-brillantes-para-liderar-el-futuro-del-pa%C3%ADs-at-eurol%C3%ADderes-4444780003,Nova Talent da a conocer la lista de los 111 jóvenes españoles más brillantes para liderar el futuro del país,,scraped,2026-07-24T07:44:54.039785,
b5dfa51ac81c3c3f,https://py.linkedin.com/jobs/view/administrador-de-bases-de-datos-de-oracle-at-sodep-s-a-4442618831,Administrador de bases de datos de Oracle,,scraped,2026-07-24T07:45:00.043711,
f7ae1d234fb1c82d,https://py.linkedin.com/jobs/view/tax-manager-at-impala-terminals-4435174387,Tax Manager,,scraped,2026-07-24T07:45:12.126475,
e5670083a9ea8ec1,https://py.linkedin.com/jobs/view/engineering-support-at-impala-terminals-4434041870,Engineering Support,,scraped,2026-07-24T07:45:19.268201,
be1b9550e963848f,https://py.linkedin.com/jobs/view/paid-media-specialist-at-compulandia-4440146085,Paid Media Specialist,Compulandia,failed|wp_post_failed,2026-07-24T07:45:36.854761,
0bc151798e96f674,https://py.linkedin.com/jobs/view/asesor-call-center-at-bristol-s-a-4444239798,Asesor call center,Bristol S.A.,failed|wp_post_failed,2026-07-24T07:45:47.832447,
c7391651ea636deb,https://py.linkedin.com/jobs/view/spanish-bilingual-customer-service-specialist-at-talentpop-app-4443806362,Spanish Bilingual Customer Service Specialist,TalentPop App,failed|wp_post_failed,2026-07-24T07:45:56.355752,
33e626c9c7b7e9cb,https://py.linkedin.com/jobs/view/pov-video-recording-job-cooking-cleaning-daily-tasks-at-mindrift-data-annotation-projects-4443328177,"POV Video Recording Job - Cooking, Cleaning, Daily Tasks",Mindrift Data Annotation Projects,failed|wp_post_failed,2026-07-24T07:46:03.974365,
3fd2c573686dc2d6,https://py.linkedin.com/jobs/view/client-success-lead-at-amp-llc-4441545022,Client Success Lead,Amp LLC,failed|wp_post_failed,2026-07-24T07:46:13.705026,
eebad9a164494b48,https://py.linkedin.com/jobs/view/asistente-de-ventas-at-kontiki-viajes-4441524561,Asistente de Ventas,,scraped,2026-07-24T07:46:16.266771,
040210ed6b58ca03,https://py.linkedin.com/jobs/view/m%C3%A9dicos-de-turno-at-diaverum-4441172359,Médicos de turno,Diaverum,failed|wp_post_failed,2026-07-24T07:46:34.239239,
ab0ea76309e03944,https://py.linkedin.com/jobs/view/customer-service-sr-manager-at-dhl-express-4442260798,Customer Service Sr. Manager,DHL Express,failed|wp_post_failed,2026-07-24T07:46:44.438533,
4098728e0c0ed7bc,https://py.linkedin.com/jobs/view/lavoro-estivo-a-caorle-eraclea-%E2%80%93-cerchiamo-promoter-e-hostess-per-i-mesi-di-luglio-e-agosto%21-at-quickly-well-srl-4444472770,Lavoro Estivo a CAORLE/ERACLEA – Cerchiamo Promoter e Hostess per i mesi di Luglio e Agosto!,,scraped,2026-07-24T07:46:46.992276,
d71fc82a33b0809b,https://py.linkedin.com/jobs/view/technical-support-engineer-upto-%2450k-yr-at-mercor-4415815576,Technical Support Engineer | Upto $50K/yr,Mercor,failed|wp_post_failed,2026-07-24T07:47:00.588777,
6d72f67a68b05925,https://py.linkedin.com/jobs/view/property-manager-at-cs-outsource-4441734392,Property Manager,CS Outsource,failed|wp_post_failed,2026-07-24T07:47:08.314045,
cb5025391068bab4,https://py.linkedin.com/jobs/view/t%C3%A9cnico-de-reparaci%C3%B3n-de-hardware-at-sgf-global-4442151235,Técnico de reparación de hardware,SGF Global,failed|wp_post_failed,2026-07-24T07:47:16.888772,
f314b6b5afbfa92d,https://py.linkedin.com/jobs/view/hiring-journey-analyst-remote-work-at-bairesdev-4442680022,Hiring Journey Analyst - Remote Work,BairesDev,failed|wp_post_failed,2026-07-24T07:47:24.917564,
fab8de2cb1d12b8a,https://py.linkedin.com/jobs/view/crm-manager-remote-work-at-bairesdev-4443134794,CRM Manager - Remote Work,BairesDev,failed|wp_post_failed,2026-07-24T07:47:32.511444,
dfe2f7ed86f7af34,https://py.linkedin.com/jobs/view/jefe-de-ventas-comagro-sa-at-grupo-chacomer-4441549600,Jefe de Ventas - Comagro SA,,scraped,2026-07-24T07:47:35.157349,
4c0b57f56669558e,https://py.linkedin.com/jobs/view/paralegal-para-el-departamento-corporativo-at-ehreke-4278233949,Paralegal para el Departamento Corporativo,,scraped,2026-07-24T07:47:43.336449,
1ff4214c6e670036,https://py.linkedin.com/jobs/view/customer-support-technician-at-infobip-4382826246,Customer Support Technician,,scraped,2026-07-24T07:47:50.882343,
bcc896cbb0197d03,https://py.linkedin.com/jobs/view/dise%C3%B1ador-gr%C3%A1fico-full-time-at-teixid%C3%B3-4440458714,Diseñador gráfico full time,,scraped,2026-07-24T07:47:57.362601,
92ed9b2534c93cd9,https://py.linkedin.com/jobs/view/qhse-coordinator-at-aurora-training-4443423549,QHSE Coordinator,,scraped,2026-07-24T07:48:07.866003,
6d9ca6dbd6f80b3e,https://py.linkedin.com/jobs/view/asesor-inmobiliario-at-re-max-royal-paraguay-4440147447,Asesor inmobiliario,RE/MAX ROYAL Paraguay,failed|wp_post_failed,2026-07-24T07:48:20.656078,
0ffa66bbf30e69e0,https://py.linkedin.com/jobs/view/administrador-de-redes-y-sistemas-junior-at-sympatheia-4441543524,Administrador de Redes y Sistemas Junior,Sympatheia,failed|wp_post_failed,2026-07-24T07:48:32.070578,
611344f663db0eba,https://py.linkedin.com/jobs/view/asistente-personal-4444796759,Asistente personal,Tiny Consulting,failed|wp_post_failed,2026-07-24T07:48:41.196388,
fdbee26814f62571,https://py.linkedin.com/jobs/view/machine-learning-engineer-remote-work-at-bairesdev-4443139983,Machine Learning Engineer - Remote Work,BairesDev,failed|wp_post_failed,2026-07-24T07:48:51.010471,
8f0281b866c7fdb8,https://py.linkedin.com/jobs/view/encargado-a-de-marketing-digital-y-redes-sociales-at-mas-que-bien-service-e-a-s-4438087673,Encargado/a de Marketing Digital y Redes Sociales,MAS QUE BIEN SERVICE E.A.S.,failed|wp_post_failed,2026-07-24T07:48:59.510455,
20d9a7de24e1760c,https://py.linkedin.com/jobs/view/senior-site-reliability-engineer-sre-remote-work-at-bairesdev-4442666624,Senior Site Reliability Engineer (SRE) - Remote Work,BairesDev,failed|wp_post_failed,2026-07-24T07:49:07.177385,
ea38df5dd081ea5c,https://py.linkedin.com/jobs/view/senior-devsecops-engineer-remote-work-at-bairesdev-4442635984,Senior DevSecOps Engineer - Remote Work,BairesDev,failed|wp_post_failed,2026-07-24T07:49:14.799046,
7df29e2a565888a9,https://py.linkedin.com/jobs/view/senior-software-engineer-ai-interaction-evaluator-codex-claude-code-up-to-%24200-hr-at-g2i-inc-4442031414,"Senior Software Engineer - AI Interaction Evaluator (Codex / Claude Code, up to $200/hr)",G2i Inc.,failed|wp_post_failed,2026-07-24T07:49:22.603293,
ad7d1501433d1b30,https://py.linkedin.com/jobs/view/auxiliar-de-sac-temporal-at-jauser-paraguay-soluciones-log%C3%ADsticas-4444601084,Auxiliar de SAC - Temporal,,scraped,2026-07-26T07:46:20.543478,
bc92b80108a9b738,https://py.linkedin.com/jobs/view/video-editor-at-ridge-4442735437,Video Editor,Ridge,posted,2026-07-26T07:46:34.230698,530
86226ba212885f30,https://py.linkedin.com/jobs/view/freelance-grabaci%C3%B3n-de-tareas-cotidianas-para-proyecto-de-ia-at-mindrift-data-annotation-projects-4443357249,Freelance: grabación de tareas cotidianas para proyecto de IA,Mindrift Data Annotation Projects,posted,2026-07-26T07:46:41.832634,532
b6d9779360c29927,https://py.linkedin.com/jobs/view/asistente-ejecutiva-senior-%E2%80%94-fundador-direcci%C3%B3n-at-talent-connect-4444658170,Asistente Ejecutiva Senior — Fundador & Dirección,Talent Connect,posted,2026-07-26T07:46:50.760296,534
a81457aeb7e81c1b,https://py.linkedin.com/jobs/view/record-your-daily-routine-get-paid-ai-training-remote-at-mindrift-data-annotation-projects-4443352035,Record Your Daily Routine & Get Paid - AI Training (Remote),Mindrift Data Annotation Projects,posted,2026-07-26T07:46:58.426963,536
e5f16bc9757aa9b4,https://py.linkedin.com/jobs/view/analista-de-ssma-pleno-at-hidrovias-do-brasil-4442605971,Analista de SSMA Pleno,,scraped,2026-07-26T07:47:00.864778,
baca9908b3030389,https://py.linkedin.com/jobs/view/analista-de-repuestos-at-lavoro-4441840778,ANALISTA DE REPUESTOS,LAVORO,posted,2026-07-26T07:47:15.779352,538
db50290d7cb421ab,https://py.linkedin.com/jobs/view/supervisor-de-ventas-zona-norte-at-nestl%C3%A9-4444483678,Supervisor de Ventas- Zona Norte,Nestlé,posted,2026-07-26T07:47:28.297367,540
39a644a1a86b33ab,https://py.linkedin.com/jobs/view/asistente-de-precios-de-transferencia-at-ey-4320179276,Asistente de Precios de Transferencia,EY,posted,2026-07-26T07:47:38.791663,542
0de544efcbce2184,https://py.linkedin.com/jobs/view/hotel-casa-ambrosia-at-naturalove-glamping-4442316298,Hotel Casa Ambrosia,NaturaLove - Glamping,posted,2026-07-26T07:48:08.427156,544
46341913883dd5d0,https://py.linkedin.com/jobs/view/comprador-a-mt-at-inovant-rh-4441873285,Comprador(a) - MT,,scraped,2026-07-26T07:48:16.832433,
d4079b136fc0f703,https://py.linkedin.com/jobs/view/preventista-asunci%C3%B3n-at-bebidas-del-paraguay-4444017994,Preventista Asunción,,scraped,2026-07-26T07:48:27.235881,
4f1515c04819e7b6,https://py.linkedin.com/jobs/view/soporte-de-it-at-rocktree-4443185168,Soporte de IT,Rocktree,posted,2026-07-26T07:48:39.699784,546
1591b298a2989dc0,https://py.linkedin.com/jobs/view/facility-compliance-coordinator-at-icon-collection-4444487319,Facility & Compliance Coordinator,,scraped,2026-07-26T07:48:42.243170,
d9fdc921174ed64e,https://py.linkedin.com/jobs/view/creador-de-contenidos-para-redes-sociales-4441832297,Creador de Contenidos para Redes Sociales,Rolon y Asociados,posted,2026-07-26T07:48:55.557859,548
913b8dcb443785ad,https://py.linkedin.com/jobs/view/analista-de-rr-hh-at-hola-rh-recursos-humanos-4441832416,Analista de RR. HH.,Hola RH Recursos Humanos,posted,2026-07-26T07:49:06.299927,550
c6d2ab25656a42f4,https://py.linkedin.com/jobs/view/ejecutivo-de-ventas-empresas-at-claro-paraguay-4443180426,Ejecutivo de Ventas Empresas,,scraped,2026-07-26T07:49:10.958631,
22937d8d2ea794fa,https://py.linkedin.com/jobs/view/sr-accountant-vacation-rental-portfolio-us-experience-at-howard-4445221693,Sr. Accountant (Vacation Rental Portfolio - US Experience),Howard,posted,2026-07-26T07:49:22.473285,552
103679e9b54b70f7,https://py.linkedin.com/jobs/view/sales-representative-at-ottomatik-io-4444658943,Sales Representative,Ottomatik.io,posted,2026-07-26T07:49:28.320977,438
d48106c193f07b6d,https://py.linkedin.com/jobs/view/idb-invest-institutional-and-corporate-legal-affairs-division-compliance-officer-at-idb-invest-4441848847,IDB Invest - Institutional and Corporate Legal Affairs Division - Compliance Officer,BID Invest,posted,2026-07-26T07:49:37.362610,554
f07f3e589c1e5787,https://py.linkedin.com/jobs/view/base-de-talentos-analista-sr-en-proyectos-de-design-para-empaques-at-nestl%C3%A9-4442750816,Base de Talentos | Analista Sr en Proyectos de Design para Empaques,Nestlé,posted,2026-07-26T07:49:50.417385,556
4ece61262e83f95d,https://py.linkedin.com/jobs/view/executive-assistant-revenue-operations-specialist-at-veta-virtual-4443725670,Executive Assistant & Revenue Operations Specialist,,scraped,2026-07-26T07:49:53.022376,
97d1a59e61dcb885,https://py.linkedin.com/jobs/view/recruiting-manager-remote-work-at-bairesdev-4442671484,Recruiting Manager - Remote Work,BairesDev,posted,2026-07-26T07:50:03.526809,246
b9a9a7b810cffa2d,https://py.linkedin.com/jobs/view/analista-de-datos-at-nexter-s-a-4441845965,Analista de datos,NEXTER S.A.,posted,2026-07-26T07:50:15.688782,558
46a42788944cdc75,https://py.linkedin.com/jobs/view/sales-representative-at-ottomatik-io-4444662988,Sales Representative,Ottomatik.io,posted,2026-07-26T07:50:21.669665,438
4af4e346904052ce,https://py.linkedin.com/jobs/view/asesor-a-comercial-at-gohipoteca-4440443951,Asesor/a Comercial,,scraped,2026-07-26T07:50:30.219746,
8c287b6e07f2fd53,https://py.linkedin.com/jobs/view/corporate-sales-representative-at-ai-world-congress-4442780071,Corporate Sales Representative,America Digital,posted,2026-07-26T07:50:45.312726,560
84c530caca36642a,https://py.linkedin.com/jobs/view/jefe-de-ventas-at-el-germano-sa-4441023050,Jefe de ventas,,scraped,2026-07-26T07:50:49.895314,
6727bc3b6fb4c58b,https://py.linkedin.com/jobs/view/voice-actor-spanish-tts-specialist-at-mercor-4424965969,Voice Actor - Spanish TTS Specialist,Mercor,posted,2026-07-26T07:51:02.693934,562
e9538c2af8cf89f9,https://py.linkedin.com/jobs/view/especialista-en-procesamiento-de-datos-topogr%C3%A1ficos-at-solo-topografia-paraguai-4441589806,Especialista en Procesamiento de Datos Topográficos,SOLO TOPOGRAFIA PARAGUAI,posted,2026-07-26T07:51:15.339201,564
acbb274e3d575560,https://py.linkedin.com/jobs/view/senior-marketing-automation-specialist-at-apply-4444732583,Senior Marketing Automation Specialist,,scraped,2026-07-26T07:51:26.010212,
101ac5911124e041,https://py.linkedin.com/jobs/view/marketing-screening-team-lead-at-toptal-4444973371,Marketing Screening Team Lead,Toptal,posted,2026-07-26T07:51:38.553586,566
208a0250b63aea85,https://py.linkedin.com/jobs/view/security-compliance-analyst-temporary-at-applaudo-4445211511,Security & Compliance Analyst (Temporary),,scraped,2026-07-26T07:51:43.195301,
897e2de6f85904f1,https://py.linkedin.com/jobs/view/hr-manager-%E2%80%93-automotive-greenfield-plant-at-pkc-group-4443339738,HR Manager –  Automotive greenfield plant,,scraped,2026-07-26T07:51:49.698025,
0b07c2bdd10375b7,https://py.linkedin.com/jobs/view/senior-security-scrum-master-remote-work-at-bairesdev-4442647904,Senior Security Scrum Master - Remote Work,BairesDev,posted,2026-07-26T07:51:59.312378,238
c9e56380b2e699c8,https://py.linkedin.com/jobs/view/white-primer-filler-125-ml-at-artesan%C3%ADa-latina-4445150680,White Primer Filler (125 ml),Artesanía Latina,posted,2026-07-28T07:48:57.058901,568
e205a5d64fc61c7b,https://py.linkedin.com/jobs/view/repositor-at-nasana-alimentos-4442886031,Repositor,,scraped,2026-07-28T07:49:01.615699,
b03fdcbaf4c064b3,https://py.linkedin.com/jobs/view/rtc-at-la-casa-del-agricultor-4443221192,RTC,La Casa del Agricultor,posted,2026-07-28T07:49:20.822368,570
7c471b1eff6e362a,https://py.linkedin.com/jobs/view/devops-i%2Bd-trabajo-remoto-at-bairesdev-4445124883,DevOps / I+D - Trabajo Remoto,BairesDev,posted,2026-07-28T07:49:30.084038,572
8200c002281bc7bf,https://py.linkedin.com/jobs/view/repositor-at-distribuidora-loba-s-a-4442873629,REPOSITOR,,scraped,2026-07-28T07:49:34.661448,
2f9bfc59031f94f0,https://py.linkedin.com/jobs/view/supervisor-cuentas-por-pagar-at-adm-4444020194,Supervisor Cuentas por Pagar,ADM,posted,2026-07-28T07:49:49.640033,574
9a26a26cb768a3b2,https://py.linkedin.com/jobs/view/supply-chain-analyst-at-filtrona-4442632504,Supply Chain Analyst,Filtrona,posted,2026-07-28T07:50:04.942731,576
f570f525e1fedcc0,https://py.linkedin.com/jobs/view/customer-service-professional-paraguay-at-cma-cgm-4446119560,Customer Service Professional Paraguay,CMA CGM,posted,2026-07-28T07:50:18.389277,578
4ce59f9f515a64e7,https://py.linkedin.com/jobs/view/supervisor-de-calidad-at-adm-4444603228,Supervisor de Calidad,ADM,posted,2026-07-28T07:50:23.352663,520
d91a51c8cda10795,https://py.linkedin.com/jobs/view/vendedor-en-una-tienda-4442874744,Vendedor en una tienda,GRETEL PARAGUAY SA - Columbia Sportswear,posted,2026-07-28T07:50:30.869420,580
5862a0f3a368303b,https://py.linkedin.com/jobs/view/assistant-production-coordinator-co-at-national-services-group-inc-4444371339,Assistant Production Coordinator CO,"National Services Group, Inc.",posted,2026-07-28T07:50:38.784022,582
fafb5f4c888c60fb,https://py.linkedin.com/jobs/view/asistente-generalista-de-rrhh-at-ranoni-consultor%C3%ADa-empresarial-4441557621,Asistente Generalista de RRHH,,scraped,2026-07-28T07:50:41.413745,
c03870d3797b7135,https://py.linkedin.com/jobs/view/representante-de-ventas-mercado-domestico-at-louis-dreyfus-company-4442878772,REPRESENTANTE DE VENTAS MERCADO DOMESTICO,Louis Dreyfus Company,posted,2026-07-28T07:51:00.782649,584
b6572b1350f6d45e,https://py.linkedin.com/jobs/view/digital-media-manager-at-lavoro-4442839512,DIGITAL MEDIA MANAGER,LAVORO,posted,2026-07-28T07:51:08.737144,586
6487b78a8e273ce1,https://py.linkedin.com/jobs/view/asistente-administrativo-at-cargill-4441071131,Asistente Administrativo,Cargill,posted,2026-07-28T07:51:17.741811,588
fc9d66f3c73a163c,https://py.linkedin.com/jobs/view/back-office-cobranzas-at-inmo-group-4442891567,Back Office Cobranzas,,scraped,2026-07-28T07:51:24.399226,
9f3fcc74e7e12bb6,https://py.linkedin.com/jobs/view/cajero-4442377378,Cajero,Integral belleza del parana s.a,posted,2026-07-28T07:51:42.101164,590
7fb0f01f9a73bbf2,https://py.linkedin.com/jobs/view/ejecutiva-o-de-ventas-at-farmanuario-4441844011,Ejecutiva/o de ventas,FARMANUARIO,posted,2026-07-28T07:51:54.516545,592
9c647338079ca4f7,https://py.linkedin.com/jobs/view/agente-inmobiliario-at-remax-guimar-4382098289,Agente Inmobiliario,,scraped,2026-07-28T07:51:57.195149,
1847c80ee3e2e0ed,https://py.linkedin.com/jobs/view/maquiador-profissional-at-grupo-salud-capilar-paraguay-e-a-s-4441841106,Maquiador profissional,GRUPO SALUD CAPILAR PARAGUAY E.A.S,posted,2026-07-28T07:53:16.046520,594
d4b6a8e890757efc,https://py.linkedin.com/jobs/view/senior-python-software-engineer-at-epam-systems-4442837384,Senior Python Software Engineer,EPAM Systems,posted,2026-07-28T07:53:25.796565,596
8e6c98b8f5189923,https://py.linkedin.com/jobs/view/investiture-ceremony-2026%E2%80%9327-empowering-future-leaders-at-don-bosco-high-school-panjim-4443201570,Investiture Ceremony 2026–27: Empowering future leaders,Don Bosco High School Panjim,posted,2026-07-28T07:53:34.825208,598
62a34510c8d1cfb7,https://py.linkedin.com/jobs/view/transactional-analyst-at-vesta-software-group-4444721245,Transactional Analyst,,scraped,2026-07-28T07:53:37.538203,
c73da9067f728c97,https://py.linkedin.com/jobs/view/data-engineer-senior-etl-python%2Bsnowflake-remote-latin-am%C3%A9rica-at-bluelight-4445640709,"Data Engineer (Senior) - ETL (Python+Snowflake) - Remote, Latin América",Bluelight,posted,2026-07-28T07:53:55.553988,600
0dfe788f37bdeee9,https://py.linkedin.com/jobs/view/data-engineer-senior-etl-python%2Bsnowflake-remote-latin-am%C3%A9rica-at-bluelight-4445631739,"Data Engineer (Senior) - ETL (Python+Snowflake) - Remote, Latin América",Bluelight,posted,2026-07-28T07:54:10.657865,602
d054d9b46cc1b45d,https://py.linkedin.com/jobs/view/borja-at-biflorica-4446803040,Borja,BiFlorica,posted,2026-07-30T07:42:42.040376,604
f846dbbfeac878a3,https://py.linkedin.com/jobs/view/paraguay-at-albaugh-europe-deutschland-4443274500,Paraguay,Albaugh Europe - Deutschland,posted,2026-07-30T07:42:50.013564,606
284580755f4600dc,https://py.linkedin.com/jobs/view/banco-de-talentos-oportunidades-planta-at-adm-4446426370,Banco de Talentos: Oportunidades Planta,ADM,posted,2026-07-30T07:43:00.921683,608
58070b259fb95e8a,https://py.linkedin.com/jobs/view/staffing-fronters-consultant-remote-work-at-bairesdev-4446408996,Staffing Fronters Consultant - Remote Work,BairesDev,posted,2026-07-30T07:43:05.707378,148
429d6da2db661f28,https://py.linkedin.com/jobs/view/executive-recruiter-remote-work-at-bairesdev-4446420588,Executive Recruiter - Remote Work,BairesDev,posted,2026-07-30T07:43:13.165807,610
4e5e632780ec83b6,https://py.linkedin.com/jobs/view/comprador-a-mt-at-inovant-rh-4446480099,Comprador(a) - MT,,scraped,2026-07-30T07:43:17.572338,
d9fd7a7715bda913,https://py.linkedin.com/jobs/view/operario-preparador-de-veh%C3%ADculos-at-jepuru-car-rent-a-car-4443614618,Operario Preparador de Vehículos,,scraped,2026-07-30T07:43:23.773904,
5b02baa3761f1128,https://py.linkedin.com/jobs/view/d365-finops-consultant-at-super-4445768114,D365 FinOps Consultant,,scraped,2026-07-30T07:43:30.195486,
ef816c51fd6f96c1,https://py.linkedin.com/jobs/view/lead-data-scientist-at-epam-systems-4438480828,Lead Data Scientist,EPAM Systems,posted,2026-07-30T07:43:41.696401,612
a99bb6c7dc9e4e87,https://py.linkedin.com/jobs/view/ejecutivo-a-de-ventas-b2b-biling%C3%BCe-%E2%80%94-remoto-part-time-at-thunder-media-4446838524,Ejecutivo/a de Ventas B2B (Bilingüe) — Remoto | Part-time,Thunder Media,posted,2026-07-30T07:43:49.120815,614
3ee872ccd47144b9,https://py.linkedin.com/jobs/view/o2c-specialist-at-nestl%C3%A9-4446341287,O2C Specialist,Nestlé,posted,2026-07-30T07:44:02.062306,616
cf0d3b9d6276d14f,https://py.linkedin.com/jobs/view/idb-invest-administrative-and-analytical-support-consultant-at-idb-invest-4443208040,IDB Invest- Administrative and Analytical Support Consultant,BID Invest,posted,2026-07-30T07:44:11.279211,618
60e17809cb15b5ce,https://py.linkedin.com/jobs/view/account-executive-at-lato-jobs-4446063213,Account Executive,,scraped,2026-07-30T07:44:15.952523,
7f27c0af0d85a52b,https://py.linkedin.com/jobs/view/pov-video-recording-job-cooking-cleaning-daily-tasks-at-mindrift-data-annotation-projects-4443281211,"POV Video Recording Job - Cooking, Cleaning, Daily Tasks",Mindrift Data Annotation Projects,posted,2026-07-30T07:44:27.400639,620
f3b194ecc1b262cd,https://py.linkedin.com/jobs/view/asesor-de-ventas-de-wifi-telefonia-at-line-contact-center-4442873017,Asesor de Ventas de WIFI- Telefonia,,scraped,2026-07-30T07:44:31.986363,
76388356b230b0e3,https://py.linkedin.com/jobs/view/empleado-de-tienda-at-action-4446822533,Empleado de tienda,,scraped,2026-07-30T07:44:38.074453,
926ff500ec18f3c6,https://py.linkedin.com/jobs/view/forward-deployed-engineer-full-stack-engineer-at-coderio-4446199986,Forward Deployed Engineer / Full Stack Engineer,Coderio | Software Company,posted,2026-07-30T07:44:50.310071,622
677a05e28783b291,https://py.linkedin.com/jobs/view/consultor-de-ventas-de-software-at-datapar-s-a-4440182136,Consultor de Ventas de Software,,scraped,2026-07-30T07:44:56.869275,
b766946e9096649f,https://py.linkedin.com/jobs/view/consultor-funcional-odoo-especialidades-contabilidad-recursos-humanos-general-at-sati-4443621337,"Consultor Funcional Odoo. Especialidades: Contabilidad, Recursos humanos, General",,scraped,2026-07-30T07:45:03.292343,
49eacc20eb9627b7,https://py.linkedin.com/jobs/view/operaciones-senior-at-sif-group-paraguay-4446161449,Operaciones Senior,,scraped,2026-07-30T07:45:12.812213,
226ebfdfed0aedb7,https://py.linkedin.com/jobs/view/m%C3%A9dico-general-para-telemedicina-con-portugu%C3%A9s-at-eumedical-4444113613,Médico general para telemedicina con portugués,,scraped,2026-07-30T07:45:19.557912,
7517e85e5848a7fa,https://py.linkedin.com/jobs/view/operario-de-perforadora-at-geocenter-4443622370,Operario de perforadora,Geocenter,posted,2026-07-30T07:45:35.173013,624
b32a493b77d75cc2,https://py.linkedin.com/jobs/view/auxiliar-de-deposito-y-chofer-at-grupo-toyotoshi-4447531180,AUXILIAR DE DEPOSITO Y CHOFER,,scraped,2026-08-01T07:20:35.141247,
64e486c9d2563650,https://py.linkedin.com/jobs/view/asistente-de-ejecucion-at-bebidas-del-paraguay-4446936528,Asistente de Ejecucion,,scraped,2026-08-01T07:20:41.938263,
cc3a80bcb7bcf879,https://py.linkedin.com/jobs/view/auxiliar-de-flota-ciudad-del-este-at-agrof%C3%A9rtil-paraguay-4446309796,Auxiliar de Flota - Ciudad del Este,Agrofértil S.A.,posted,2026-08-01T07:21:01.295428,626
222423f604671743,https://py.linkedin.com/jobs/view/asistente-administrativo-026-at-evaluar-4447511383,ASISTENTE ADMINISTRATIVO 026,,scraped,2026-08-01T07:21:03.839583,
0090364980a3da4e,https://py.linkedin.com/jobs/view/freelance-grabaci%C3%B3n-de-tareas-cotidianas-para-proyecto-de-ia-at-mindrift-data-annotation-projects-4446318603,Freelance: grabación de tareas cotidianas para proyecto de IA,Mindrift Data Annotation Projects,posted,2026-08-01T07:21:16.154431,628
9162330c148283ca,https://py.linkedin.com/jobs/view/consultor-asistente-de-operaciones-at-inter-american-development-bank-4444167595,Consultor Asistente de Operaciones,Banco Interamericano de Desarrollo,posted,2026-08-01T07:21:25.322327,630
34928b2e6a0436c8,https://py.linkedin.com/jobs/view/auxiliar-de-soporte-t%C3%A9cnico-026-at-evaluar-4447510402,AUXILIAR DE SOPORTE TÉCNICO 026,,scraped,2026-08-01T07:21:27.976600,
657b065420c51b8c,https://py.linkedin.com/jobs/view/asistente-de-gerencia-jul-26-at-evaluar-4447521287,ASISTENTE DE GERENCIA JUL 26,,scraped,2026-08-01T07:21:34.549344,
4b6c231c0618f575,https://py.linkedin.com/jobs/view/cajeros-tupi-marketplace-at-evaluar-4447515366,CAJEROS TUPI MARKETPLACE,,scraped,2026-08-01T07:21:40.969470,
4a162c6311b95c0f,https://py.linkedin.com/jobs/view/ayudante-para-mantenimiento-at-evaluar-4447510401,AYUDANTE PARA MANTENIMIENTO,,scraped,2026-08-01T07:21:47.342074,
3d8b1e2dcfdd10a5,https://py.linkedin.com/jobs/view/administrativo-a-at-valtria-4447501628,Administrativo/a,,scraped,2026-08-01T07:21:53.753088,
d9b0cc445342179a,https://py.linkedin.com/jobs/view/analista-de-finanzas-at-evaluar-4447509552,ANALISTA DE FINANZAS,,scraped,2026-08-01T07:22:04.214341,
fb9173b3ecdda074,https://py.linkedin.com/jobs/view/asistente-de-muestreo-y-stock-at-tecnomyl-s-a-paraguay-4446306871,Asistente de Muestreo y Stock,,scraped,2026-08-01T07:22:10.564097,
090e2e182f3c9c99,https://py.linkedin.com/jobs/view/coordinador-administrativo-cd-curuguaty-at-evaluar-4447510403,COORDINADOR ADMINISTRATIVO - CD CURUGUATY,,scraped,2026-08-01T07:22:19.374388,
172a84f622a4320e,https://py.linkedin.com/jobs/view/analista-de-cuentas-por-cobrar-at-rofasa-farma-s-a-s-4445098271,Analista de Cuentas por Cobrar,,scraped,2026-08-01T07:22:25.745948,
1d19651cf9f85bf7,https://py.linkedin.com/jobs/view/asistente-personal-de-directorio-%E2%80%94-soporte-integral-a-los-socios-asunci%C3%B3n-at-talent-connect-4445793981,Asistente Personal de Directorio — Soporte Integral a los Socios (Asunción),Talent Connect,posted,2026-08-01T07:22:39.610909,632
435479522b8f59c5,https://py.linkedin.com/jobs/view/marketing-assistant-at-gorostiaga-automoviles-4442847589,Marketing Assistant,Gorostiaga Automoviles,posted,2026-08-01T07:22:54.054039,634
b3144c6b996df37e,https://py.linkedin.com/jobs/view/record-your-daily-routine-get-paid-ai-training-remote-at-mindrift-data-annotation-projects-4443256108,Record Your Daily Routine & Get Paid - AI Training (Remote),Mindrift Data Annotation Projects,posted,2026-08-01T07:22:58.880161,536
ddb6fb6af54d5a3d,https://py.linkedin.com/jobs/view/designer-at-wild-fi-4447425205,Designer,,scraped,2026-08-01T07:23:01.557874,
ead6f0bee10d4a78,https://py.linkedin.com/jobs/view/analista-de-planning-2026-at-grupo-toyotoshi-4447517328,ANALISTA DE PLANNING 2026,,scraped,2026-08-01T07:23:08.485135,
3e924729338c76cb,https://py.linkedin.com/jobs/view/customer-service-fcl-senior-at-craft-4447171770,CUSTOMER SERVICE FCL SENIOR,,scraped,2026-08-01T07:23:15.115341,
cb451b3689aaf1d4,https://py.linkedin.com/jobs/view/analista-de-rrhh-remansito-at-hola-rh-recursos-humanos-4444174243,Analista de RRHH - Remansito,Hola RH Recursos Humanos,posted,2026-08-01T07:23:33.671791,636
37a295981d17f7bd,https://py.linkedin.com/jobs/view/ejecutivo-comercial-at-propio-paraguay-4444583981,Ejecutivo comercial,,scraped,2026-08-01T07:23:36.176261,
f02722ebc3ad56c5,https://py.linkedin.com/jobs/view/analista-de-operaciones-y-datos-de-mkt-at-ra%C3%ADzen-paraguay-4447519333,ANALISTA DE OPERACIONES Y DATOS DE MKT,,scraped,2026-08-01T07:23:43.195857,
19df0528bb113e27,https://py.linkedin.com/jobs/view/supervisor-de-ventas-ciudad-del-este-at-jardin-de-la-paz-4444119618,Supervisor de Ventas Ciudad del Este,,scraped,2026-08-01T07:23:50.503232,
83357206349c4f2b,https://py.linkedin.com/jobs/view/analista-senior-de-finanzas-at-bat-4444544207,Analista Senior de Finanzas,,scraped,2026-08-01T07:23:57.045262,
3f1facea9f80efa5,https://py.linkedin.com/jobs/view/auxiliar-administrativo-cobrador-at-sgf-global-4446844504,Auxiliar administrativo/cobrador,SGF Global,posted,2026-08-01T07:24:06.461694,70
38995b477e793c6d,https://py.linkedin.com/jobs/view/key-account-manager-at-apolo-import-s-a-4445406768,Key Account Manager,,scraped,2026-08-01T07:24:09.203359,
aa2a646fd8f83a49,https://py.linkedin.com/jobs/view/analista-de-contabilidad-at-vac-consultores-4442863974,Analista de contabilidad,VAC CONSULTORES,posted,2026-08-01T07:24:51.323229,124
578f43f106d00bd1,https://py.linkedin.com/jobs/view/ejecutivo-de-ventas-at-uep-campus-gutenberg-4444161575,Ejecutivo de ventas,UEP Campus Gutenberg,posted,2026-08-01T07:24:57.977079,364
7bbaa42a518465ca,https://py.linkedin.com/jobs/view/talent-acquisition-associate-remote-work-at-bairesdev-4447151752,Talent Acquisition Associate - Remote Work,BairesDev,posted,2026-08-01T07:25:11.845228,638
1c3f595ed02425fa,https://py.linkedin.com/jobs/view/ai-engineer-at-unosquare-4443619737,AI Engineer,unosquare,posted,2026-08-01T07:25:20.751347,640
a27a866aa321161f,https://py.linkedin.com/jobs/view/vendedor-de-consumo-masivo-at-lavoro-4442842844,Vendedor de consumo masivo,LAVORO,posted,2026-08-01T07:25:32.722896,642
eede1dfc94989bb7,https://py.linkedin.com/jobs/view/supervisor-a-de-tiendas-at-kemsa-c-i-s-a-4442871601,SUPERVISOR/A DE TIENDAS,,scraped,2026-08-01T07:25:39.341601,
fdf64cdccf28eb4d,https://py.linkedin.com/jobs/view/dispatch-coordinator-at-cs-outsource-4447165108,Dispatch Coordinator,CS Outsource,posted,2026-08-01T07:25:52.161993,644
789cb5f11137054a,https://py.linkedin.com/jobs/view/recruiting-manager-remote-work-at-bairesdev-4446852235,Recruiting Manager - Remote Work,BairesDev,posted,2026-08-01T07:25:57.028193,246
c3c6eab0048aef9e,https://py.linkedin.com/jobs/view/ejecutivo-a-comercial-junior-at-esencia-limpieza-con-prop%C3%B3sito-4445098762,Ejecutivo/a Comercial Junior,Esencia - Limpieza con propósito,posted,2026-08-01T07:26:07.024343,646
553d55db2cfbcfb7,https://py.linkedin.com/jobs/view/ingeniero-de-producci%C3%B3n-y-sistemas-contra-incendios-at-extintores-parana-s-r-l-4445042692,Ingeniero de Producción y Sistemas Contra Incendios,Extintores Parana S.R.L.,posted,2026-08-01T07:26:17.554849,648
0126e83ef25737a6,https://py.linkedin.com/jobs/view/analista-de-desarrollo-de-aplicaciones-power-apps-at-nestl%C3%A9-4446817958,Analista de Desarrollo de Aplicaciones - Power Apps,Nestlé,posted,2026-08-01T07:26:30.474573,650
864bc80699ac64e4,https://py.linkedin.com/jobs/view/crm-manager-remote-work-at-bairesdev-4445731747,CRM Manager - Remote Work,BairesDev,posted,2026-08-01T07:26:41.998732,652
05a8711b2ac919bf,https://py.linkedin.com/jobs/view/sales-executive-for-campus-live-remote-work-at-bairesdev-4446847325,Sales Executive for Campus Live - Remote Work,BairesDev,posted,2026-08-01T07:26:47.187435,298
a8fb3a3eb9de6482,https://py.linkedin.com/jobs/view/corporate-travel-and-mobility-agent-remote-work-at-bairesdev-4445734513,Corporate Travel and Mobility Agent - Remote Work,BairesDev,posted,2026-08-01T07:26:52.122543,272
24f16cb00a40fa50,https://py.linkedin.com/jobs/view/analista-de-creditos-at-grupo-toyotoshi-4447519345,ANALISTA DE CREDITOS,,scraped,2026-08-01T07:26:56.753604,
603e42a3b2c0abd2,https://py.linkedin.com/jobs/view/senior-ai-engineer-python-llms-remote-work-at-bairesdev-4445740756,"Senior AI Engineer (Python, LLMs) - Remote Work",BairesDev,posted,2026-08-01T07:27:09.760413,654
a05b30ae757c8483,https://py.linkedin.com/jobs/view/senior-security-data-scientist-python-remote-work-at-bairesdev-4445740873,Senior Security Data Scientist (Python) - Remote Work,BairesDev,posted,2026-08-01T07:27:14.923434,300
fc5f9e9cb6c4ecce,https://py.linkedin.com/jobs/view/senior-devsecops-engineer-remote-work-at-bairesdev-4445744522,Senior DevSecOps Engineer - Remote Work,BairesDev,posted,2026-08-01T07:27:21.893440,280
781f57a751a73d70,https://py.linkedin.com/jobs/view/senior-technical-program-manager-remote-work-at-bairesdev-4446408502,Senior Technical Program Manager - Remote Work,BairesDev,posted,2026-08-01T07:27:26.787370,252
a2272087268b5ba1,https://py.linkedin.com/jobs/view/ejecutivo-a-comercial-inmobiliario-at-gao-desarrollos-inmobiliarios-4443635332,Ejecutivo/a comercial inmobiliario,GAO Desarrollos Inmobiliarios,posted,2026-08-01T07:27:38.969488,656
f61742eee7704017,https://py.linkedin.com/jobs/view/dba-postgresql-senior-semi-senior-at-athernus-4442833570,DBA PostgreSQL Senior / Semi Senior,,scraped,2026-08-01T07:27:41.634320,
bca0de43586ee9d4,https://py.linkedin.com/jobs/view/screening-operations-specialist-at-toptal-4445643366,Screening Operations Specialist,Toptal,posted,2026-08-01T07:27:55.366186,658
cb31559bc98da4f3,https://py.linkedin.com/jobs/view/salesforce-administrator-cx-systems-specialist-at-veta-virtual-4444659996,Salesforce Administrator & CX Systems Specialist,,scraped,2026-08-01T07:27:57.950543,
9146eb5554b0155e,https://py.linkedin.com/jobs/view/bim-team-leader-mep-at-eng-4446827004,BIM Team Leader MEP,ENG,posted,2026-08-01T07:28:14.700332,660
4936c1bb4e00dfda,https://py.linkedin.com/jobs/view/application-security-engineer-checkmarx-sast-remote-work-at-bairesdev-4445180523,Application Security Engineer (Checkmarx / SAST) - Remote Work,BairesDev,posted,2026-08-01T07:28:21.627786,190
9322daa350512292,https://py.linkedin.com/jobs/view/freelance-structural-technical-expert-civil-structural-engineer-global-projects-hourly-rate-at-eng-4445348567,Freelance Structural Technical Expert (Civil/Structural Engineer) / Global Projects- Hourly rate,ENG,posted,2026-08-01T07:28:29.650171,662
488902d920d71c03,https://py.linkedin.com/jobs/view/senior-ai-engineer-llms-agentic-ai-at-applaudo-4446873335,Senior AI Engineer (LLMs & Agentic AI),,scraped,2026-08-01T07:28:32.309405,
b656dfbc8c804360,https://py.linkedin.com/jobs/view/nodejs-application-architect-at-applaudo-4445972663,NodeJS Application Architect,,scraped,2026-08-01T07:28:38.847443,
8ae22242a05d0edd,https://py.linkedin.com/jobs/view/senior-site-reliability-engineer-sre-remote-work-at-bairesdev-4445788193,Senior Site Reliability Engineer (SRE) - Remote Work,BairesDev,posted,2026-08-01T07:28:47.509586,278
600c31ec8f041a71,https://py.linkedin.com/jobs/view/product-security-engineer-remote-work-at-bairesdev-4445740117,Product Security Engineer - Remote Work,BairesDev,posted,2026-08-01T07:28:52.370955,222
817e5f5908fffcdb,https://py.linkedin.com/jobs/view/senior-security-scrum-master-remote-work-at-bairesdev-4446355064,Senior Security Scrum Master - Remote Work,BairesDev,posted,2026-08-01T07:28:57.377335,238
69bdcd23eb2fe6f1,https://py.linkedin.com/jobs/view/auxiliar-de-dep%C3%B3sito-shopping-tupi-marketplace-at-evaluar-4447812081,AUXILIAR DE DEPÓSITO - SHOPPING TUPI MARKETPLACE,,scraped,2026-08-02T07:40:20.503901,
e9e14ed388fd728f,https://py.linkedin.com/jobs/view/gestor-administrativo-at-evaluar-4447802278,GESTOR ADMINISTRATIVO,,scraped,2026-08-02T07:40:26.910956,
af1a8f1f6a96793c,https://py.linkedin.com/jobs/view/asistente-administrativo-de-cobranzas-at-evaluar-4447798951,ASISTENTE ADMINISTRATIVO DE COBRANZAS,,scraped,2026-08-02T07:40:37.237426,
5573b240e43a8b80,https://py.linkedin.com/jobs/view/host-asuncion-at-grupo-toyotoshi-4447519352,HOST - ASUNCION,,scraped,2026-08-02T07:40:49.503065,
975be315e7716208,https://py.linkedin.com/jobs/view/asistente-de-ventas-tupi-026-at-evaluar-4447812087,ASISTENTE DE VENTAS TUPI 026,,scraped,2026-08-02T07:40:58.099968,
754d00023bc831fd,https://py.linkedin.com/jobs/view/jefe-de-salud-y-seguridad-ocupacional-at-grupo-toyotoshi-4447518336,JEFE DE SALUD Y SEGURIDAD OCUPACIONAL,,scraped,2026-08-02T07:41:04.505609,
46b2557d05f1d252,https://py.linkedin.com/jobs/view/jefe-de-trade-marketing-at-evaluar-4447810126,JEFE DE TRADE MARKETING,,scraped,2026-08-02T07:41:14.780184,
392e7e78891d8610,https://py.linkedin.com/jobs/view/analista-de-gesti%C3%B3n-de-n%C3%B3mina-y-beneficios-at-evaluar-4447523305,ANALISTA DE GESTIÓN DE NÓMINA Y BENEFICIOS,,scraped,2026-08-02T07:41:21.099479,
ac8701841556d65e,https://py.linkedin.com/jobs/view/nespresso-accounting-analyst-at-nestl%C3%A9-4446331508,Nespresso Accounting Analyst,Nestlé,posted,2026-08-02T07:41:35.246935,46
d5440798eeea7fc2,https://py.linkedin.com/jobs/view/cen-consultor-estrat%C3%A9gico-neg%C3%B3cios-at-igua%C3%A7u-m%C3%A1quinas-agr%C3%ADcolas-4445566254,CEN - Consultor Estratégico Negócios,,scraped,2026-08-02T07:41:37.624864,
3d6a4864e7e8ac06,https://py.linkedin.com/jobs/view/analista-de-cr%C3%A9ditos-freelance-2026-at-evaluar-4447522297,ANALISTA DE CRÉDITOS FREELANCE 2026,,scraped,2026-08-02T07:41:45.436846,
f6796914cf974e16,https://py.linkedin.com/jobs/view/business-development-representative-remote-at-virtual-assist-4445933441,Business Development Representative (Remote),Virtual Assist,posted,2026-08-02T07:41:58.254947,664
386a7cd965eabeb4,https://py.linkedin.com/jobs/view/creador-a-de-contenido-pov-para-ia-remoto-at-mindrift-data-annotation-projects-4446352659,Creador(a) de Contenido POV para IA - Remoto,Mindrift Data Annotation Projects,posted,2026-08-02T07:42:08.382129,666
27a2f1afe2e54663,https://py.linkedin.com/jobs/view/t%C3%A9cnico-mec%C3%A2nico-at-igua%C3%A7u-m%C3%A1quinas-agr%C3%ADcolas-4445568261,Técnico mecânico,,scraped,2026-08-02T07:42:10.776040,
23a38e71e444bc7b,https://py.linkedin.com/jobs/view/coordinador-comercial-at-la-porte%C3%B1a-talento-humano-4447603382,Coordinador Comercial,,scraped,2026-08-02T07:42:18.045248,
4d59f7f04e396193,https://py.linkedin.com/jobs/view/jefa-de-ventas-tupi-marketplace-at-evaluar-4447811087,JEFA DE VENTAS TUPI MARKETPLACE,,scraped,2026-08-02T07:42:24.911709,
dba6d2f95e40dcb5,https://py.linkedin.com/jobs/view/country-manager-%E2%80%93-affiliate-networks-paraguay-at-demopips-nigeria-4446557083,Country Manager – Affiliate Networks (Paraguay),DEMOPIPS Nigeria,posted,2026-08-02T07:42:37.153878,668
00d37debad47be98,https://py.linkedin.com/jobs/view/vendedor-call-center-2026-at-evaluar-4447799938,VENDEDOR CALL CENTER 2026,,scraped,2026-08-02T07:42:39.832231,
3c03db73b4a4b643,https://py.linkedin.com/jobs/view/sports-data-collector-football-asunci%C3%B3n-paraguay-at-genius-sports-4445028459,"Sports Data Collector (Football) - Asunción, Paraguay",,scraped,2026-08-02T07:42:46.201681,
004df373c9dcb47c,https://py.linkedin.com/jobs/view/ejecutivo-comercial-btl-at-aureo-management-4445093805,Ejecutivo comercial BTL,AUREO Management,posted,2026-08-02T07:43:02.184046,670
78c7882158b04b65,https://py.linkedin.com/jobs/view/supervisor-comercial-canal-telemarketing-at-claro-paraguay-4447411192,Supervisor Comercial Canal Telemarketing,,scraped,2026-08-02T07:43:04.782991,
8bcec2f902a8f0d4,https://py.linkedin.com/jobs/view/ingeniero-de-deep-learning-at-codertal-espa%C3%B1a-4446468612,Ingeniero de Deep Learning,Codertal España,posted,2026-08-02T07:43:20.770700,672
bf09856b51bbc0ff,https://py.linkedin.com/jobs/view/skills-role-content-specialist-remote-work-at-bairesdev-4446405756,Skills & Role Content Specialist - Remote Work,BairesDev,posted,2026-08-02T07:43:25.645361,98
81b5b1a18ec118fc,https://py.linkedin.com/jobs/view/dise%C3%B1ador-gr%C3%A1fico-at-transagro-4445041398,Diseñador gráfico,Transagro,posted,2026-08-02T07:43:40.116284,674
566f38074d5cbe36,https://py.linkedin.com/jobs/view/asesor-de-ventas-at-automotor-4295294872,Asesor de ventas,,scraped,2026-08-02T07:43:42.702798,
a9fa5249b8037255,https://py.linkedin.com/jobs/view/supervisor-de-calidad-itap%C3%BAa-at-manpowergroup-4447027473,Supervisor de Calidad - Itapúa,ManpowerGroup,posted,2026-08-02T07:44:01.600019,676
a0f678de97417786,https://py.linkedin.com/jobs/view/%C2%A1transform%C3%A1-vidas-con-educaci%C3%B3n%21-programa-de-voluntariado-en-paraguay-at-fundaci%C3%B3n-alda-4446819374,¡Transformá vidas con educación! - Programa de voluntariado en Paraguay,,scraped,2026-08-02T07:44:08.225781,
d59d793f483cdb2a,https://py.linkedin.com/jobs/view/supervisor-operaciones-fluviales-bolivia-brasil-at-impala-terminals-4446323870,Supervisor Operaciones Fluviales Bolivia & Brasil,,scraped,2026-08-02T07:44:14.952485,
8bcdc2bf994c3634,https://py.linkedin.com/jobs/view/l%C3%ADder-de-proyectos-civiles-at-manpowergroup-4447526466,Líder de proyectos civiles,ManpowerGroup,posted,2026-08-02T07:44:30.510661,678
d945781b1f5ae574,https://py.linkedin.com/jobs/view/coordinador-de-costos-industriales-at-evaluar-4447815088,COORDINADOR DE COSTOS INDUSTRIALES,,scraped,2026-08-02T07:44:37.186324,
58779748db107e8d,https://py.linkedin.com/jobs/view/analista-de-compras-at-evaluar-4447812091,ANALISTA DE COMPRAS,,scraped,2026-08-02T07:44:43.541758,
bef3c0a81a1b98a8,https://py.linkedin.com/jobs/view/project-manager-remote-work-at-bairesdev-4446403790,Project Manager - Remote Work,BairesDev,posted,2026-08-02T07:44:52.315692,324
1452a502e45ebe39,https://py.linkedin.com/jobs/view/ingeniero-de-seguridad-de-aplicaciones-checkmarx-sast-trabajo-remoto-at-bairesdev-4445191867,Ingeniero de Seguridad de Aplicaciones (Checkmarx / SAST) - Trabajo Remoto,BairesDev,posted,2026-08-02T07:44:57.173261,216
a508bde9eedf0f45,https://py.linkedin.com/jobs/view/machine-learning-engineer-remote-work-at-bairesdev-4446090108,Machine Learning Engineer - Remote Work,BairesDev,posted,2026-08-02T07:45:02.404833,164
59de2b03b4952595,https://py.linkedin.com/jobs/view/customer-success-specialist-at-cs-outsource-4446916187,Customer Success Specialist,CS Outsource,posted,2026-08-02T07:45:16.408558,680
f07f845ed9d86579,https://py.linkedin.com/jobs/view/tecnico-mecanico-omoda-jaecoo-at-grupo-toyotoshi-4447509557,TECNICO MECANICO - OMODA JAECOO,,scraped,2026-08-02T07:45:18.995040,
348ec62edefb6821,https://py.linkedin.com/jobs/view/sales-specialist-at-cs-outsource-4447177978,Sales Specialist,CS Outsource,posted,2026-08-02T07:45:35.130856,682
9d1d13be1b5398aa,https://py.linkedin.com/jobs/view/especialista-en-calidad-qa-automatizaci%C3%B3n-at-ey-4385036903,Especialista en Calidad (QA) & Automatización,EY,posted,2026-08-02T07:45:46.349563,684
06d2fe0afe7f5d72,https://py.linkedin.com/jobs/view/vendedor-freelance-2026-at-evaluar-4447511374,VENDEDOR FREELANCE 2026,,scraped,2026-08-02T07:45:53.028020,
84db42c19ec7997c,https://py.linkedin.com/jobs/view/vendedores-de-sal%C3%B3n-marketplace-026-at-evaluar-4447511381,VENDEDORES DE SALÓN MARKETPLACE 026,,scraped,2026-08-02T07:45:59.468395,
dcb03593fe59804a,https://py.linkedin.com/jobs/view/sr-data-engineer-snowflake-at-apply-4447097484,Sr. Data Engineer (Snowflake),,scraped,2026-08-02T07:46:09.924712,
9134c474762b2072,https://py.linkedin.com/jobs/view/gerente-senior-de-negocios-estrat%C3%A9gicos-con-experiencia-en-lineas-dermatol%C3%B3gica-o-medicina-est%C3%A9tica-o-bien-dermocosmetica-incorpora-prestigiosa-e-importante-empresa-con-impacto-internacional-at-mabel-riart-consulting-4445519634,"GERENTE SENIOR DE NEGOCIOS ESTRATÉGICOS CON EXPERIENCIA EN LINEAS: DERMATOLÓGICA O MEDICINA ESTÉTICA O BIEN DERMOCOSMETICA, incorpora PRESTIGIOSA E IMPORTANTE EMPRESA CON IMPACTO INTERNACIONAL",,scraped,2026-08-02T07:46:19.321264,
40e0a923b82e37c5,https://py.linkedin.com/jobs/view/dispatch-coordinator-at-cs-outsource-4446937288,Dispatch Coordinator,CS Outsource,posted,2026-08-02T07:46:28.007160,644
314634d2b00c5398,https://py.linkedin.com/jobs/view/auxiliar-de-emisi%C3%B3n-asunci%C3%B3n-paraguay-at-evaluar-4447888790,AUXILIAR DE EMISIÓN (ASUNCIÓN - PARAGUAY),,scraped,2026-08-04T07:49:05.228869,
61459b6cfe2e9693,https://py.linkedin.com/jobs/view/repositor-de-mercadorias-at-market-4448226394,repositor de mercadorias,Market,posted,2026-08-04T07:49:35.892253,686
f3b36434e07651eb,https://py.linkedin.com/jobs/view/ayudante-de-reparto-cde-at-evaluar-4447880992,AYUDANTE DE REPARTO CDE,,scraped,2026-08-04T07:49:38.598935,
19fd2ad279c0825e,https://py.linkedin.com/jobs/view/analista-de-atenci%C3%B3n-al-cliente-%E2%80%93-back-office-at-herbalife-4447581854,Analista de atención al cliente – Back Office,Herbalife,posted,2026-08-04T07:49:53.474793,688
fa1f29d6b3163226,https://py.linkedin.com/jobs/view/social-media-manager-at-meta-capital-humano-4446265367,Social media manager,Meta Capital Humano,posted,2026-08-04T07:50:16.310268,690
ee39e7d179e8f521,https://py.linkedin.com/jobs/view/arquitecta-comercial-at-lavoro-4446220964,ARQUITECTA COMERCIAL,LAVORO,posted,2026-08-04T07:50:25.160224,692
0a85e3be84e69b2b,https://py.linkedin.com/jobs/view/t%C3%A9cnico-mec%C3%A2nico-mt-at-igua%C3%A7u-m%C3%A1quinas-agr%C3%ADcolas-4448695540,Técnico mecânico - MT,,scraped,2026-08-04T07:50:27.471827,
713df50c0950b9c7,https://py.linkedin.com/jobs/view/veterinario-at-asuncion-pet-4445522307,Veterinario,Asuncion Pet,posted,2026-08-04T07:50:48.794414,694
05c2c072348786b5,https://py.linkedin.com/jobs/view/commercial-partner-at-forsvar-4446245894,Commercial Partner,,scraped,2026-08-04T07:50:53.460924,
f6536f73cd824666,https://py.linkedin.com/jobs/view/lider-de-nuevos-productos-con-experien-cia-en-el-sector-farma-o-diagnostica-o-dispositivos-medicos-incorpora-empresa-lider-en-expansion-con-enfoque-innovador-at-mabel-riart-consulting-4445534611,LIDER DE NUEVOS PRODUCTOS CON EXPERIEN|CIA EN EL SECTOR FARMA o DIAGNOSTICA o DISPOSITIVOS MEDICOS incorpora EMPRESA LIDER EN EXPANSION con enfoque INNOVADOR,,scraped,2026-08-04T07:50:59.988944,
d3ab42207123e326,https://py.linkedin.com/jobs/view/auxiliar-administrativo-4448612902,Auxiliar Administrativo,Alemix E.I.R.L.,posted,2026-08-04T07:51:12.056511,696
1a8f77bebe28b3a3,https://py.linkedin.com/jobs/view/espec-clientes-b1-i-at-santander-4445830749,Espec Clientes B1 I,,scraped,2026-08-04T07:51:16.450105,
0dacb05915047ea0,https://py.linkedin.com/jobs/view/coordinador-t%C3%A9cnico-agropecuario-at-proximotrabajo-4445841523,Coordinador Técnico Agropecuario,proximotrabajo,posted,2026-08-04T07:51:32.102922,698
3815753532fe6e7f,https://py.linkedin.com/jobs/view/medical-equipment-sales-representative-at-rotala-international-4446289409,Medical Equipment Sales Representative,Rotala International,posted,2026-08-04T07:51:45.027002,700
52c26714f492ccb5,https://py.linkedin.com/jobs/view/ingeniero-solar-at-zenex-paraguay-4446253029,Ingeniero solar,,scraped,2026-08-04T07:51:47.561767,
39e59031c5956cbc,https://py.linkedin.com/jobs/view/production-coordinator-admin-pa-at-national-services-group-inc-4446277076,Production Coordinator Admin PA,"National Services Group, Inc.",posted,2026-08-04T07:52:02.262271,702
c12757adb7737690,https://py.linkedin.com/jobs/view/ejecutivo-comercial-b2b-4448623688,Ejecutivo Comercial B2B,Confidencial.,posted,2026-08-04T07:52:10.533131,182
65eca29f94234569,https://py.linkedin.com/jobs/view/lavora-con-noi-promoter-hostess-lazio-at-quickly-well-srl-4447056221,Lavora con Noi | Promoter & Hostess - Lazio,,scraped,2026-08-04T07:52:13.028643,
2961ce6ef0fbc50a,https://py.linkedin.com/jobs/view/senior-software-engineer-ai-interaction-evaluator-codex-claude-code-up-to-%24200-hr-at-g2i-inc-4447900548,"Senior Software Engineer - AI Interaction Evaluator (Codex / Claude Code, up to $200/hr)",G2i Inc.,posted,2026-08-04T07:52:30.207138,704
889603cd8334c01b,https://py.linkedin.com/jobs/view/cerrador-bd-at-clt-sa-4443626284,Cerrador BD,CLT SA,posted,2026-08-04T07:52:40.987632,706
ab60ff62dab1c502,https://py.linkedin.com/jobs/view/lead-automation-tester-in-js-at-epam-systems-4443253438,Lead Automation Tester in JS,EPAM Systems,posted,2026-08-04T07:52:48.700846,708
23505f6ef80061f6,https://py.linkedin.com/jobs/view/network-engineer-core-infrastructure-at-kraken-4447176841,Network Engineer - Core Infrastructure,Kraken,posted,2026-08-04T07:53:03.081756,710
3d2f9d0f96035394,https://py.linkedin.com/jobs/view/java-specialis-at-ck-immobilier-de-luxe-%F0%9F%87%A9%F0%9F%87%BF%F0%9F%87%AA%F0%9F%87%A6%F0%9F%87%B9%F0%9F%87%B7-4444105939,Java Specialis,CK Immobilier De Luxe 🇩🇿🇪🇦🇹🇷,posted,2026-08-04T07:53:13.459584,712
8b85931a357f66d7,https://py.linkedin.com/jobs/view/talent-acquisition-specialist-at-toptal-4448610690,Talent Acquisition Specialist,Toptal,posted,2026-08-04T07:53:18.307351,432
980b6793c411db26,https://py.linkedin.com/jobs/view/devops-i%2Bd-trabajo-remoto-at-bairesdev-4448216788,DevOps / I+D - Trabajo Remoto,BairesDev,posted,2026-08-04T07:53:26.110424,714
fb10d5785272dd2a,https://py.linkedin.com/jobs/view/software-engineer-elixir-phoenix-remote-latin-america-at-bluelight-4448613811,Software Engineer - Elixir/Phoenix - Remote - Latin America,Bluelight,posted,2026-08-04T07:53:34.947442,716
0c0336150aff39d6,https://py.linkedin.com/jobs/view/software-engineer-elixir-phoenix-latin-america-remote-at-bluelight-4447897992,Software Engineer (Elixir/Phoenix) - Latin America (REMOTE),Bluelight,posted,2026-08-04T07:53:44.078258,718
01dde8c7c46a9e7a,https://py.linkedin.com/jobs/view/senior-business-intelligence-analyst-marketing-at-toptal-4437469133,"Senior Business Intelligence Analyst, Marketing",Toptal,posted,2026-08-04T07:53:52.471223,720
b40d390a40fa8cde,https://py.linkedin.com/jobs/view/software-engineer-elixir-phoenix-remote-latin-america-at-bluelight-4448621510,Software Engineer - Elixir/Phoenix - Remote - Latin America,Bluelight,posted,2026-08-04T07:53:57.448115,716
c7d16a4717b8f8dd,https://py.linkedin.com/jobs/view/android-developer-at-applaudo-4448614522,Android Developer,,scraped,2026-08-04T07:54:04.083507,
0273f87815fe272f,https://py.linkedin.com/jobs/view/ios-developer-at-applaudo-4448613167,iOS Developer,,scraped,2026-08-04T07:54:12.844535,
1539ee8e99f6f8a3,https://py.linkedin.com/jobs/view/it-recruiter-remote-work-at-bairesdev-4448544574,IT Recruiter - Remote Work,BairesDev,posted,2026-08-06T07:50:15.480374,94
b04c61febd219e4b,https://py.linkedin.com/jobs/view/crm-manager-remote-work-at-bairesdev-4448996660,CRM Manager - Remote Work,BairesDev,posted,2026-08-06T07:50:22.243128,652
048404ab53739623,https://py.linkedin.com/jobs/view/recruiting-manager-at-indi-staffing-services-4449646007,Recruiting Manager,INDI Staffing Services,posted,2026-08-06T07:50:29.243742,370
d45f67ce2e8be9a2,https://py.linkedin.com/jobs/view/lavador-at-rieder-com-technology-4448595566,Lavador,,scraped,2026-08-06T07:50:31.657117,
7b505504d1f095ab,https://py.linkedin.com/jobs/view/housekeeping-manager-at-royal-caribbean-group-4448262619,Housekeeping Manager,Royal Caribbean Group,posted,2026-08-06T07:50:45.059026,722
3f631630057c5dbc,https://py.linkedin.com/jobs/view/outbound-calls-representative-with-english-at-customerumbrella-4449442971,Outbound Calls Representative with English,,scraped,2026-08-06T07:50:49.722823,
a9df8efe1a62ad0a,https://py.linkedin.com/jobs/view/comprador-a-mt-at-inovant-rh-4448684802,Comprador(a) - MT,,scraped,2026-08-06T07:51:00.368883,
d55340438c297c2a,https://py.linkedin.com/jobs/view/jefa-de-selecci%C3%B3n-at-bristol-s-a-4447306249,Jefa de Selección,Bristol S.A.,posted,2026-08-06T07:51:13.660150,724
f691135c02a36e78,https://py.linkedin.com/jobs/view/recepci%C3%B3n-de-mercader%C3%ADas-at-evaluar-4447532155,RECEPCIÓN DE MERCADERÍAS,,scraped,2026-08-06T07:51:16.187186,
f417039f63681564,https://py.linkedin.com/jobs/view/coordinador-de-proyectos-at-salum-wenz-constructora-4448049847,Coordinador de proyectos,,scraped,2026-08-06T07:51:24.550825,
132b352f68870e61,https://py.linkedin.com/jobs/view/jefe-de-compras-at-lavoro-4448068613,Jefe de Compras,LAVORO,posted,2026-08-06T07:51:38.539730,726
0c2963d167309448,https://py.linkedin.com/jobs/view/business-order-administration-analyst-at-nestl%C3%A9-4449667845,Business Order Administration Analyst,Nestlé,posted,2026-08-06T07:51:48.901180,728
40d0f2f7985642d2,https://py.linkedin.com/jobs/view/analista-del-centro-de-experiencia-at-nestl%C3%A9-4449658989,Analista del Centro de Experiencia,Nestlé,posted,2026-08-06T07:51:59.075882,730
e8ec2a998882d357,https://py.linkedin.com/jobs/view/staff-accountant-at-curvion-blue-4449039794,Staff Accountant,Curvion Blue,posted,2026-08-06T07:52:07.047941,732
a5ac31ef6fcf7c01,https://py.linkedin.com/jobs/view/especialista-de-mantenimiento-para-remolcadores-at-cargill-4445522646,Especialista de Mantenimiento para remolcadores,Cargill,posted,2026-08-06T07:52:17.546427,734
5212c42e47ce6b3a,https://py.linkedin.com/jobs/view/gerente-t%C3%A9cnico-4448650247,Gerente Técnico,"""confidencial""",posted,2026-08-06T07:52:24.362856,736
81f39407fe66d21b,https://py.linkedin.com/jobs/view/senior-product-manager-at-toptal-4448677732,Senior Product Manager,Toptal,posted,2026-08-06T07:52:32.310571,738
13cbd142247bccdb,https://py.linkedin.com/jobs/view/encargado-de-estancia-itakyry-at-agrof%C3%A9rtil-paraguay-4449906844,Encargado de Estancia - Itakyry,Agrofértil S.A.,posted,2026-08-06T07:52:44.964882,740
f2ff14fe003c5548,https://py.linkedin.com/jobs/view/trainee-de-mantenimiento-at-adm-4448563489,Trainee de Mantenimiento,ADM,posted,2026-08-06T07:52:53.933067,742
b785e2ae8e674f60,https://py.linkedin.com/jobs/view/agente-inmobiliario-at-plus-inmobiliaria-py-4442316233,Agente inmobiliario,Plus Inmobiliaria Py,posted,2026-08-06T07:52:58.850027,402
755e2206b6eb9fed,https://py.linkedin.com/jobs/view/responsable-de-red-de-acceso-pedro-juan-caballero-at-claro-paraguay-4437312813,Responsable de Red de Acceso - Pedro Juan Caballero,,scraped,2026-08-06T07:53:05.287926,
3c6396004005982e,https://py.linkedin.com/jobs/view/legal-assistant-at-veta-virtual-4449311048,Legal Assistant,,scraped,2026-08-06T07:53:14.506584,
7d4c363f6567ac81,https://py.linkedin.com/jobs/view/trade-marketing-at-apolo-import-s-a-4449134767,Trade Marketing,,scraped,2026-08-06T07:53:22.940165,
12f4643eb7e84127,https://py.linkedin.com/jobs/view/commercial-specialist-at-parglass-4446643685,Commercial Specialist,,scraped,2026-08-06T07:53:36.093672,
8cd25375ce6bc091,https://py.linkedin.com/jobs/view/software-engineer-elixir-phoenix-latin-america-remote-at-bluelight-4447899863,Software Engineer (Elixir/Phoenix) - Latin America (REMOTE),Bluelight,posted,2026-08-06T07:53:50.063005,718
3b2d9ee095b19667,https://py.linkedin.com/jobs/view/software-engineer-elixir-phoenix-remote-latin-america-at-bluelight-4448636084,Software Engineer - Elixir/Phoenix - Remote - Latin America,Bluelight,posted,2026-08-06T07:53:55.247108,716
1d4c0f08a1350c5e,https://py.linkedin.com/jobs/view/supervisor-de-operaciones-terrestres-at-dhl-express-4449629802,Supervisor de Operaciones Terrestres,DHL Express,posted,2026-08-06T07:54:08.069788,744
65de7c507fb1b41e,https://py.linkedin.com/jobs/view/jefe-de-marketing-at-manpowergroup-4449008107,Jefe de Marketing,ManpowerGroup,posted,2026-08-06T07:54:17.110747,746
42b4fdfb822eae2a,https://py.linkedin.com/jobs/view/analista-de-controles-financieros-operativos-at-ra%C3%ADzen-paraguay-4447517336,ANALISTA DE CONTROLES FINANCIEROS OPERATIVOS,,scraped,2026-08-06T07:54:19.682278,
ef1479a850948621,https://py.linkedin.com/jobs/view/lider-senior-especialista-de-nuevos-productos-con-experiencia-en-lineas-de-farma-o-dispositivos-m%C3%A9dicos-o-diagnostica-o-bien-tecnologia-para-la-salud-at-mabel-riart-consulting-4445830006,"LIDER SENIOR ESPECIALISTA DE NUEVOS PRODUCTOS, con experiencia en lineas de ""Farma"" o ""Dispositivos Médicos"" o ""Diagnostica"" o bien ""Tecnologia para la Salud""",,scraped,2026-08-06T07:54:26.830276,
af783e5b389656e0,https://py.linkedin.com/jobs/view/jefe-a-de-ventas-%E2%80%94-paraguay-remoto-mercado-espa%C3%B1a-at-idoneo-4448037061,Jefe/a de Ventas — Paraguay (Remoto / Mercado España),,scraped,2026-08-06T07:54:33.399712,
496cc6720d1da2a1,https://py.linkedin.com/jobs/view/ejecutivo-de-cuentas-de-publicidad-at-abstracta-4361014038,Ejecutivo de cuentas de publicidad,,scraped,2026-08-06T07:54:45.630244,
ee64470c012a42ee,https://py.linkedin.com/jobs/view/analista-de-datos-at-nexter-s-a-4445525407,Analista de datos,NEXTER S.A.,posted,2026-08-06T07:55:08.867239,558
36d7677df150431b,https://py.linkedin.com/jobs/view/asesor-de-ventas-externas-suc-concepci%C3%B3n-at-record-electric-saeca-4449119546,Asesor de Ventas Externas - Suc. Concepción,,scraped,2026-08-06T07:55:13.498694,
594ceeba4896e444,https://py.linkedin.com/jobs/view/asesor-t%C3%A9cnico-de-ventas-at-rieder-com-technology-4448901530,Asesor técnico de ventas,,scraped,2026-08-06T07:55:25.444568,
45408a3c158f227b,https://py.linkedin.com/jobs/view/analista-de-operaciones-fluviales-temporal-at-louis-dreyfus-company-4448067533,ANALISTA DE OPERACIONES FLUVIALES TEMPORAL,Louis Dreyfus Company,posted,2026-08-06T07:55:42.862775,748
71d19e2af89d9242,https://py.linkedin.com/jobs/view/arquitecto-t%C3%A9cnico-comercial-at-domani-4448057391,Arquitecto Técnico Comercial,DOMANI,posted,2026-08-06T07:55:51.859893,750
1c2a3a3e27beb2fb,https://py.linkedin.com/jobs/view/executivo-de-vendas-internacionais-at-2com-consulting-4449193999,Executivo de vendas internacionais,,scraped,2026-08-06T07:55:56.423248,
44a256eb46f3830c,https://py.linkedin.com/jobs/view/freelance-plumbing-bim-specialist-mechanical-engineer-global-projects-hourly-rate-at-eng-4449051651,Freelance Plumbing BIM Specialist (Mechanical Engineer) | Global Projects | Hourly Rate,ENG,posted,2026-08-06T07:56:12.116441,752
4acd5d830779cdb1,https://py.linkedin.com/jobs/view/freelance-mechanical-bim-specialist-mechanical-engineer-global-projects-hourly-rate-at-eng-4449038485,Freelance Mechanical BIM Specialist (Mechanical Engineer) | Global Projects | Hourly Rate,ENG,posted,2026-08-06T07:56:19.652408,754
644cd5370d4f15d6,https://py.linkedin.com/jobs/view/senior-executive-dac-at-cgp-solutions-4448576782,"Senior Executive, DAC",,scraped,2026-08-06T07:56:24.176780,
b53287953cfd46db,https://py.linkedin.com/jobs/view/project-manager-remote-work-at-bairesdev-4449133438,Project Manager - Remote Work,BairesDev,posted,2026-08-06T07:56:36.446454,324
1455180a4671d06f,https://py.linkedin.com/jobs/view/ingeniero-de-seguridad-de-aplicaciones-checkmarx-sast-trabajo-remoto-at-bairesdev-4448582101,Ingeniero de Seguridad de Aplicaciones (Checkmarx / SAST) - Trabajo Remoto,BairesDev,posted,2026-08-06T07:56:43.396958,216
ae67c56e607cbb88,https://py.linkedin.com/jobs/view/technical-project-manager-remote-work-at-bairesdev-4449122988,Technical Project Manager - Remote Work,BairesDev,posted,2026-08-06T07:56:51.068658,756
3e77059f477e1468,https://py.linkedin.com/jobs/view/ayudante-de-dep%C3%B3sito-cde-at-evaluar-4447888787,AYUDANTE DE DEPÓSITO CDE,,scraped,2026-08-06T07:56:53.584867,
64f92cffaeaebef4,https://py.linkedin.com/jobs/view/delivery-manager-remote-work-at-bairesdev-4448555512,Delivery Manager - Remote Work,BairesDev,posted,2026-08-06T07:57:05.677108,758
5259262e39d7f357,https://py.linkedin.com/jobs/view/asesor-de-contact-center-y-soporte-t%C3%A9cnico-at-nestl%C3%A9-4449086802,Asesor de Contact Center y Soporte Técnico,Nestlé,posted,2026-08-06T07:57:22.680855,760
d691a748c13f5297,https://py.linkedin.com/jobs/view/sales-executive-for-campus-live-remote-work-at-bairesdev-4449133441,Sales Executive for Campus Live - Remote Work,BairesDev,posted,2026-08-06T07:57:29.730048,298
375a5f263efff78e,https://py.linkedin.com/jobs/view/senior-it-project-manager-remote-work-at-bairesdev-4449137127,Senior IT Project Manager - Remote Work,BairesDev,posted,2026-08-06T07:57:37.703899,762
e2a708fcfca25e69,https://py.linkedin.com/jobs/view/asistente-senior-de-control-financiero-at-nestl%C3%A9-4448328290,Asistente Senior de Control Financiero,Nestlé,posted,2026-08-06T07:57:50.108368,764
1fe1771c0e7e4fc3,https://py.linkedin.com/jobs/view/senior-devsecops-engineer-remote-work-at-bairesdev-4449110764,Senior DevSecOps Engineer - Remote Work,BairesDev,posted,2026-08-06T07:57:54.888641,280
299728d972a63aad,https://py.linkedin.com/jobs/view/property-manager-at-cs-outsource-4449315557,Property Manager,CS Outsource,posted,2026-08-06T07:58:05.356856,766
804249a9410fc607,https://py.linkedin.com/jobs/view/t%C3%A9cnico-de-equipos-de-fr%C3%ADo-zona-ciudad-del-este-at-evaluar-4447813079,TÉCNICO DE EQUIPOS DE FRÍO - ZONA CIUDAD DEL ESTE,,scraped,2026-08-06T07:58:07.930707,
23d7b0cf450b6c15,https://py.linkedin.com/jobs/view/supervisora-de-ventas-026-at-evaluar-4447811080,SUPERVISORA DE VENTAS 026,,scraped,2026-08-06T07:58:16.448663,
e0bce868eb4490e9,https://py.linkedin.com/jobs/view/supervisor-de-log%C3%ADstica-cde-at-evaluar-4447885891,SUPERVISOR DE LOGÍSTICA CDE,,scraped,2026-08-06T07:58:24.780066,
6ddc1f0b2a2058b4,https://py.linkedin.com/jobs/view/gerente-senior-de-negocios-de-lineas-derma-dermocosmetica-dermoest%C3%A9tica-incorpora-importante-empresa-con-trayectoria-exitosa-e-impacto-internacional-at-mabel-riart-consulting-4445519634,"GERENTE SENIOR DE NEGOCIOS DE LINEAS DERMA/DERMOCOSMETICA/DERMOESTÉTICA, incorpora IMPORTANTE EMPRESA CON TRAYECTORIA EXITOSA E IMPACTO INTERNACIONAL",,scraped,2026-08-06T07:58:39.159571,
932ec18e09074942,https://py.linkedin.com/jobs/view/rmh-modena-des-arts-hotel-business-at-rosaria-marazzi-hotels-4448735690,RMH Modena Des Arts - Hotel & Business,,scraped,2026-08-07T22:22:29.619517,
c5fa7129ba5a9601,https://py.linkedin.com/jobs/view/ministero-del-lavoro-al-via-il-piano-di-reclutamento-514-nuove-assunzioni-in-inps-e-inail-at-scuolalink-it-4447316811,"Ministero del lavoro, al via il Piano di reclutamento: 514 nuove assunzioni in Inps e Inail",,scraped,2026-08-07T22:22:37.730698,
27b3a3ef184e42f6,https://py.linkedin.com/jobs/view/port%C3%B3n-1-nca-at-remateriar-4448989849,Portón 1 (NCA),Remateriar,posted,2026-08-07T22:22:54.127603,768
33bbe3329defc281,https://py.linkedin.com/jobs/view/face-deduplication-collection-english-py-at-telus-digital-4450674935,Face Deduplication Collection - English (PY),,scraped,2026-08-07T22:22:56.830210,
0db8a452697d2a89,https://py.linkedin.com/jobs/view/escuela-nuestra-sra-de-guadalupe-at-remateriar-4448985870,Escuela Nuestra Sra. de Guadalupe,Remateriar,posted,2026-08-07T22:23:14.009760,770
8fe612470fcff08f,https://py.linkedin.com/jobs/view/residential-life-coordinator-at-unilodge-living-group-4448734472,Residential Life Coordinator,,scraped,2026-08-07T22:23:16.573090,
d55cb6ce3bef6d14,https://py.linkedin.com/jobs/view/spanish-english-interpreter-at-zeeba-h-solutions-4450354765,Spanish  - English   Interpreter,Zeeba H Solutions,posted,2026-08-07T22:23:34.753763,772
e281ad2261203a0d,https://py.linkedin.com/jobs/view/bookkeeper-hospitality-industry-at-howard-4447442021,Bookkeeper (Hospitality Industry),Howard,posted,2026-08-07T22:23:43.809426,774
23e13b851c24f46d,https://py.linkedin.com/jobs/view/cajero-4448776289,Cajero,Empresa,posted,2026-08-07T22:23:48.202390,590
1914cf4cf3d81599,https://py.linkedin.com/jobs/view/procurement-manager-at-veta-virtual-4440626477,Procurement Manager,,scraped,2026-08-07T22:23:52.870382,
029dd6d59fd08785,https://py.linkedin.com/jobs/view/dba-semi-senior-postgresql-at-athernus-4448449635,DBA Semi Senior PostgreSQL,,scraped,2026-08-07T22:23:59.093770,
eb4b63954e653a1f,https://py.linkedin.com/jobs/view/lider-de-mantenimiento-at-adm-4450360770,Lider de Mantenimiento,ADM,posted,2026-08-07T22:24:12.608317,776
8ca6679a2efe9c50,https://py.linkedin.com/jobs/view/licenciatura-en-gesti%C3%B3n-de-la-hospitalidad-at-facultad-polit%C3%A9cnica-una-4448742146,Licenciatura en Gestión de la Hospitalidad,,scraped,2026-08-07T22:24:17.076967,
123b0e4d4201b988,https://py.linkedin.com/jobs/view/accounting-manager-at-curvion-blue-4449053075,Accounting Manager,Curvion Blue,posted,2026-08-07T22:24:36.656134,778
d5112b0ed359b61c,https://py.linkedin.com/jobs/view/creador-a-de-contenido-audiovisual-at-teixid%C3%B3-4450280325,Creador/a de contenido audiovisual,,scraped,2026-08-07T22:24:39.266839,
35979a07b09717a4,https://py.linkedin.com/jobs/view/finance-manager-paraguay-at-melt-group-4450214920,Finance Manager - Paraguay,Melt Group,posted,2026-08-07T22:24:54.323296,780
91a537dcb0f23be8,https://py.linkedin.com/jobs/view/operador-de-mantenimiento-%E2%80%93-caldera-at-bebidas-del-paraguay-4450007264,Operador de Mantenimiento – Caldera,,scraped,2026-08-07T22:24:57.047336,
81dc1d5888db911e,https://py.linkedin.com/jobs/view/analista-de-facturaci%C3%B3n-at-grupo-mass-4449241063,Analista de facturación,,scraped,2026-08-07T22:25:03.778756,
cfdc931209655877,https://py.linkedin.com/jobs/view/encargado-de-dep%C3%B3sitos-at-costa-marfil-sa-4446209883,Encargado de depósitos,,scraped,2026-08-07T22:25:10.495944,
ae4a90c82f11ded8,https://py.linkedin.com/jobs/view/analista-comercial-junior-at-casa-m%C3%A1s-4449234259,Analista comercial junior,,scraped,2026-08-07T22:25:20.791383,
404a61bc8291e4a5,https://py.linkedin.com/jobs/view/jefe-administrativo-at-manpowergroup-4450269169,Jefe administrativo,ManpowerGroup,posted,2026-08-07T22:25:33.655126,782
0c7decc62007d781,https://py.linkedin.com/jobs/view/encargado-de-cuentas-a-cobrar-jr-at-apolo-import-s-a-4449143612,Encargado de Cuentas a Cobrar/Jr,,scraped,2026-08-07T22:25:36.309588,
0531bb7804af1a35,https://py.linkedin.com/jobs/view/sociosanitario-a-en-cuidados-auxiliares-de-enfe-at-hospital-universitario-hla-moncloa-s-a-u-4450064481,Sociosanitario/a en cuidados auxiliares de enfe...,,scraped,2026-08-07T22:25:45.180856,
87e92f13caaffd4a,https://py.linkedin.com/jobs/view/dise%C3%B1ador-industrial-jr-at-tercera-capa-4449245099,Diseñador Industrial Jr,Tercera Capa,posted,2026-08-07T22:25:59.717917,784
9b388965247646f1,https://py.linkedin.com/jobs/view/villa-serrana-trail-at-outpass-4448565994,Villa Serrana Trail,,scraped,2026-08-07T22:26:02.258637,
5359a965815be456,https://py.linkedin.com/jobs/view/especialista-en-sistemas-de-captaci%C3%B3n-de-polvo-industrial-at-dolvair-4448039998,Especialista en sistemas de captación de polvo industrial,Dolvair,posted,2026-08-07T22:26:16.823349,786
5709ca6238491aa6,https://py.linkedin.com/jobs/view/corredor-inmobiliario-at-remax-prime-paraguay-4446682657,Corredor inmobiliario,,scraped,2026-08-07T22:26:19.321358,
6e0391395e13a672,https://py.linkedin.com/jobs/view/asesor-a-especialista-en-bombas-at-record-electric-saeca-4449110730,Asesor/a Especialista en Bombas,,scraped,2026-08-07T22:26:25.965785,
6b77dfb20260a77e,https://py.linkedin.com/jobs/view/key-account-manager-hospitality-solutions-at-culligan-italiana-s-p-a-4450379601,Key Account Manager Hospitality Solutions,,scraped,2026-08-07T22:26:36.889154,
633959065862452e,https://py.linkedin.com/jobs/view/asesor-de-servicio-al-cliente-at-dhl-express-4448604970,Asesor de Servicio al Cliente,DHL Express,posted,2026-08-07T22:26:47.603602,58
731ebd4197c48e87,https://py.linkedin.com/jobs/view/asesor-inmobiliario-at-re-max-royal-paraguay-4446638756,Asesor inmobiliario,RE/MAX ROYAL Paraguay,posted,2026-08-07T22:26:58.949211,788
977ba668ea3c1feb,https://py.linkedin.com/jobs/view/sub-gerente-ti-4449900894,Sub Gerente TI,Confidencial.,posted,2026-08-07T22:27:06.387349,790
32966935cdcb9d19,https://py.linkedin.com/jobs/view/auxiliar-administrativo-4449910538,Auxiliar Administrativo,Alemix E.I.R.L.,posted,2026-08-07T22:27:10.453237,696
5c7da061c28b6107,https://py.linkedin.com/jobs/view/desarrollador-de-clientes-small-b2b-at-millicom-tigo-4449030299,Desarrollador de Clientes Small B2B,,scraped,2026-08-07T22:27:13.090608,
3257977fa32d10b3,https://py.linkedin.com/jobs/view/l%C3%ADder-de-recursos-humanos-at-empresa-confidencial-4449129671,Líder de recursos humanos,Empresa Confidencial,posted,2026-08-07T22:27:27.231833,792
9dd95fb7ea6f893a,https://py.linkedin.com/jobs/view/t%C3%A9cnico-en-mecatr%C3%B3nica-at-todo-costura-s-a-4448068753,Técnico en Mecatrónica,,scraped,2026-08-07T22:27:29.805587,
47d33b4d68ab9125,https://py.linkedin.com/jobs/view/sdet-engineer-at-unosquare-4410648423,SDET Engineer,unosquare,posted,2026-08-07T22:27:42.701922,794
3548c70ab2a59932,https://py.linkedin.com/jobs/view/analista-de-marketing-at-atp-paraguay-4445021944,Analista de marketing,,scraped,2026-08-07T22:27:47.359715,
da8159278f30cc69,https://py.linkedin.com/jobs/view/agente-comercial-de-bienes-raices-at-re-max-genesis-paraguay-4448034525,Agente Comercial de bienes raices,,scraped,2026-08-07T22:27:57.427179,
dd94f16a9c891cf4,https://py.linkedin.com/jobs/view/ejecutivo-de-cuentas-de-marketing-at-meta-capital-humano-4446250417,Ejecutivo de cuentas de marketing,Meta Capital Humano,posted,2026-08-07T22:28:11.894832,796
7a894e168919f950,https://py.linkedin.com/jobs/view/m%C3%A9dico-veterinario-at-asuncion-pet-4445522307,Médico Veterinario,Asuncion Pet,posted,2026-08-07T22:28:22.292762,798
e40dee820168afc8,https://py.linkedin.com/jobs/view/vendedor-de-montacargas-y-maquinaria-asunci%C3%B3n-at-sgb-paraguay-4450334387,Vendedor de Montacargas y Maquinaria | Asunción,SGB Paraguay,posted,2026-08-07T22:28:38.294742,800
b2c2465b97264ee0,https://py.linkedin.com/jobs/view/senior-full-stack-developer-at-national-services-group-inc-4448002080,Senior Full-Stack Developer,"National Services Group, Inc.",posted,2026-08-07T22:28:46.326996,802
5ec569863ff519e1,https://py.linkedin.com/jobs/view/ejecutivo-comercial-casa-de-bolsa-at-manpowergroup-4450721038,Ejecutivo comercial - Casa de bolsa,ManpowerGroup,posted,2026-08-07T22:28:55.804260,804
da4965e37f8e6a8b,https://py.linkedin.com/jobs/view/designer-at-atacado-connect-4448427753,Designer,,scraped,2026-08-07T22:28:58.421052,
26033c07ac7ff343,https://py.linkedin.com/jobs/view/inpe-16-enfermeras-t%C3%A9cnico-administrativo-farmacia-asistentes-legales-investigador-at-portaltrabajo-4450726981,"INPE: (16) Enfermeras, Técnico Administrativo, Farmacia, Asistentes Legales, Investigador",Portaltrabajo,posted,2026-08-07T22:29:12.021043,806
65c3dc63cea1b49b,https://py.linkedin.com/jobs/view/assistente-de-contabilidade-4448036971,Assistente de contabilidade,Atacado USA,posted,2026-08-07T22:29:19.458846,808
1f89fd13a907859d,https://py.linkedin.com/jobs/view/retrato-corporativo-a-ess%C3%AAncia-de-leandro-albuquerque%0Aensaio%0A26-at-bruno-arita-fotografando-sentimentos-4448959512,"Retrato Corporativo: A essência de Leandro Albuquerque
ENSAIO
26",,scraped,2026-08-07T22:29:21.897189,
04b7f0843118c613,https://py.linkedin.com/jobs/view/crm-manager-remote-work-at-bairesdev-4448996762,CRM Manager - Remote Work,BairesDev,posted,2026-08-07T22:29:32.097977,652
121434a4d01ddc71,https://py.linkedin.com/jobs/view/product-security-engineer-remote-work-at-bairesdev-4448548983,Product Security Engineer - Remote Work,BairesDev,posted,2026-08-07T22:29:36.870111,222
caf514842cf7e086,https://py.linkedin.com/jobs/view/corporate-travel-and-mobility-agent-remote-work-at-bairesdev-4448546042,Corporate Travel and Mobility Agent - Remote Work,BairesDev,posted,2026-08-07T22:29:43.821333,272
cdc6f9c68cb750ed,https://py.linkedin.com/jobs/view/estancia-de-8-000-ha-at-riomonte-paraguay-4447334956,Estancia de 8.000 ha.,Riomonte Paraguay,posted,2026-08-07T22:29:53.289543,810
125f19b9d3d75f0e,https://py.linkedin.com/jobs/view/application-security-engineer-checkmarx-sast-remote-work-at-bairesdev-4448566750,Application Security Engineer (Checkmarx / SAST) - Remote Work,BairesDev,posted,2026-08-07T22:29:58.132221,190
c2829cec94fad405,https://py.linkedin.com/jobs/view/recruiting-manager-remote-work-at-bairesdev-4449785580,Recruiting Manager - Remote Work,BairesDev,posted,2026-08-07T22:30:03.187651,246
0f8f19e728a31148,https://py.linkedin.com/jobs/view/product-security-engineer-remote-work-at-bairesdev-4448551923,Product Security Engineer - Remote Work,BairesDev,posted,2026-08-07T22:30:08.746891,222
8871d250dd48c05c,https://py.linkedin.com/jobs/view/talent-acquisition-associate-remote-work-at-bairesdev-4449160344,Talent Acquisition Associate - Remote Work,BairesDev,posted,2026-08-07T22:30:13.684093,638
3370bd11e45dc717,https://py.linkedin.com/jobs/view/scrum-master-remote-work-at-bairesdev-4449752887,Scrum Master - Remote Work,BairesDev,posted,2026-08-07T22:30:18.652916,162
504182d5690043ef,https://py.linkedin.com/jobs/view/asistente-financiero-reclamos-y-deducciones-at-nestl%C3%A9-4449083833,Asistente Financiero | Reclamos y Deducciones,Nestlé,posted,2026-08-07T22:30:31.868523,812
8292522beed4c14f,https://py.linkedin.com/jobs/view/business-order-administration-associate-at-nestl%C3%A9-4450672077,Business Order Administration Associate,Nestlé,posted,2026-08-07T22:30:42.719325,814
692fc18bb13203bd,https://py.linkedin.com/jobs/view/business-order-administration-sr-analyst-at-nestl%C3%A9-4450672076,Business Order Administration Sr. Analyst,Nestlé,posted,2026-08-07T22:30:54.571284,816
e65c749a8d21a094,https://py.linkedin.com/jobs/view/analista-de-talento-humano-at-evaluar-4447801369,ANALISTA DE TALENTO HUMANO,,scraped,2026-08-07T22:30:57.088020,
66345fc8c886e573,https://py.linkedin.com/jobs/view/project-manager-senior-remote-work-at-bairesdev-4449125680,Project Manager Senior - Remote Work,BairesDev,posted,2026-08-07T22:31:11.831846,818
88ac6e83c54bddb6,https://py.linkedin.com/jobs/view/auxiliar-de-productos-nuevos-comercio-exterior-at-evaluar-4447798910,AUXILIAR DE PRODUCTOS NUEVOS - COMERCIO EXTERIOR,,scraped,2026-08-07T22:31:14.523809,
474703c91b90bc51,https://py.linkedin.com/jobs/view/software-engineer-elixir-phoenix-latin-america-remote-at-bluelight-4448113603,Software Engineer (Elixir/Phoenix) - Latin America (REMOTE),Bluelight,posted,2026-08-07T22:31:28.961992,718
e924687e96111254,https://py.linkedin.com/jobs/view/jefe-de-ventas-este-at-apolo-import-s-a-4448582938,JEFE DE VENTAS ESTE,,scraped,2026-08-07T22:31:39.573147,
4df2b341bf47fb55,https://py.linkedin.com/jobs/view/auxiliar-contable-senior-at-evaluar-4447796951,AUXILIAR CONTABLE SENIOR,,scraped,2026-08-07T22:31:48.541237,
9d1ec7967ede12bd,https://py.linkedin.com/jobs/view/analista-sr-de-segmentacion-e-inteligencia-comercial-at-millicom-tigo-4449685712,Analista Sr de Segmentacion e Inteligencia Comercial,,scraped,2026-08-07T22:31:54.990179,
b7f64fe4a91cd67d,https://py.linkedin.com/jobs/view/business-executive-at-ai-world-congress-4448326878,Business Executive,America Digital,posted,2026-08-07T22:32:10.891614,820
157f78301d61d933,https://py.linkedin.com/jobs/view/face-deduplication-collection-english-py-at-telus-digital-4450671929,Face Deduplication Collection - English (PY),,scraped,2026-08-09T22:15:58.847591,
7eb74c385df305d8,https://py.linkedin.com/jobs/view/senior-ppc-specialist-at-veta-virtual-4451037064,Senior PPC Specialist,,scraped,2026-08-09T22:16:17.509565,
2240bc0927d49903,https://py.linkedin.com/jobs/view/public-private-partnerships-upstream-consultant-at-inter-american-development-bank-4449524187,Public-Private Partnerships Upstream Consultant,Banco Interamericano de Desarrollo,posted,2026-08-09T22:16:41.058540,822
2050215aa003a692,https://py.linkedin.com/jobs/view/robotics-engineer-at-rex-zone-4440646852,Robotics Engineer,Rex.zone,posted,2026-08-09T22:16:54.219357,824
c823b858011cce6e,https://py.linkedin.com/jobs/view/asistente-de-flota-at-tecnomyl-s-a-paraguay-4450652104,Asistente de Flota,,scraped,2026-08-09T22:17:00.783514,
4c081fc0aedb736f,https://py.linkedin.com/jobs/view/senior-trading-analyst-at-deriv-4413864231,Senior Trading Analyst,,scraped,2026-08-09T22:17:14.406684,
23e42fae45ef1bd1,https://py.linkedin.com/jobs/view/herrero-ploteador-montador-de-eventos-4451003158,"Herrero, Ploteador, Montador de Eventos",Mkt Factory,posted,2026-08-09T22:17:29.024202,826
7b5af868241d1b05,https://py.linkedin.com/jobs/view/general-manager-at-bolt-4433241202,General Manager,,scraped,2026-08-09T22:17:37.647265,
3a7bd38d3748af45,https://py.linkedin.com/jobs/view/cen-consultor-estrat%C3%A9gico-neg%C3%B3cios-mt-at-igua%C3%A7u-m%C3%A1quinas-agr%C3%ADcolas-4450538353,CEN - Consultor Estratégico Negócios - MT,,scraped,2026-08-09T22:17:48.095653,
600fe47855972344,https://py.linkedin.com/jobs/view/auxiliar-de-gerencia-%E2%80%93-sector-alimentario-at-la-porte%C3%B1a-talento-humano-4450931489,Auxiliar de Gerencia – Sector Alimentario,,scraped,2026-08-09T22:18:05.209990,
2674235ac3a50910,https://py.linkedin.com/jobs/view/business-executive-at-ai-world-congress-4446222261,Business Executive,America Digital,posted,2026-08-09T22:18:14.344130,820
d77567897256d683,https://py.linkedin.com/jobs/view/virtual-assistant-at-cs-outsource-4449312359,Virtual Assistant,CS Outsource,posted,2026-08-09T22:18:23.354547,828
a76db61f339d22a6,https://py.linkedin.com/jobs/view/analista-de-planeamiento-financiero-y-control-de-gesti%C3%B3n-at-skytel-4438756098,Analista de Planeamiento Financiero y Control de Gestión,,scraped,2026-08-09T22:18:25.949156,
ec13f7161248808e,https://py.linkedin.com/jobs/view/supervisor-a-t%C3%A9cnico-a-comercial-at-dsm-firmenich-4450781998,Supervisor(a) Técnico(a) Comercial,dsm-firmenich,posted,2026-08-09T22:18:41.409053,830
eaab50c5daa4b822,https://py.linkedin.com/jobs/view/azure-integration-developer-at-twoconnect-microsoft-azure-integration-biztalk-logic-apps-consulting-migration-support-4448727992,Azure Integration Developer,"TwoConnect: Microsoft Azure Integration, BizTalk, Logic Apps Consulting, Migration &amp; Support.",posted,2026-08-09T22:18:56.851552,832
42e8d8b3f49b3146,https://py.linkedin.com/jobs/view/profesional-de-transformaci%C3%B3n-digital-datos-e-inteligencia-artificial-at-fonplata-4449266345,"PROFESIONAL DE TRANSFORMACIÓN DIGITAL, DATOS E INTELIGENCIA ARTIFICIAL",FONPLATA,posted,2026-08-09T22:19:19.644527,834
ab8f66aea9561274,https://py.linkedin.com/jobs/view/consejero-a-legal-at-fonplata-4449255748,CONSEJERO/A LEGAL,FONPLATA,posted,2026-08-09T22:19:32.345239,836
8730c53edd526b63,https://py.linkedin.com/jobs/view/senior-executive-mtac-at-cgp-solutions-4448577758,"Senior Executive, MTAC",,scraped,2026-08-09T22:19:50.928930,
586d2d25c3a150c4,https://py.linkedin.com/jobs/view/application-security-engineer-checkmarx-sast-remote-work-at-bairesdev-4448567734,Application Security Engineer (Checkmarx / SAST) - Remote Work,BairesDev,posted,2026-08-09T22:19:59.700277,190
a05acfd6054f6d29,https://py.linkedin.com/jobs/view/accounting-analyst-at-nestl%C3%A9-4450392518,Accounting Analyst,Nestlé,posted,2026-08-09T22:20:13.232905,838
4bcbeaad0089f279,https://py.linkedin.com/jobs/view/business-order-administration-sr-associate-at-nestl%C3%A9-4450665224,Business Order Administration Sr. Associate,Nestlé,posted,2026-08-09T22:20:34.404791,840
be278279a6b6d96a,https://py.linkedin.com/jobs/view/no-alle-fontanelle-a-milazzo-la-maggioranza-attacca-la-magliarditi-%E2%80%9Cstop-populismo%E2%80%9D%C2%A0-at-sicilia-tabloid-4451326156,"NO ALLE FONTANELLE a Milazzo, la maggioranza attacca la MAGLIARDITI: “STOP POPULISMO”",,scraped,2026-08-09T22:20:36.785843,
cf5db14a9b621a67,https://py.linkedin.com/jobs/view/machine-learning-engineer-remote-work-at-bairesdev-4449770335,Machine Learning Engineer - Remote Work,BairesDev,posted,2026-08-09T22:20:47.794896,164
b5da4f5ea73e783e,https://py.linkedin.com/jobs/view/software-engineer-elixir-phoenix-remote-latin-america-at-bluelight-4451375073,Software Engineer - Elixir/Phoenix - Remote - Latin America,Bluelight,posted,2026-08-09T22:20:58.795077,716
09ff08928c7ac484,https://py.linkedin.com/jobs/view/analista-de-ventas-at-apolo-import-s-a-4449136678,Analista de Ventas,,scraped,2026-08-09T22:21:03.413498,
277a6541feb62987,https://py.linkedin.com/jobs/view/software-engineer-elixir-phoenix-remote-latin-america-at-bluelight-4451357855,Software Engineer - Elixir/Phoenix - Remote - Latin America,Bluelight,posted,2026-08-09T22:21:14.943844,716
feab58a58d6b84a4,https://py.linkedin.com/jobs/view/senior-accounts-receivable-revenue-operations-specialist-at-veta-virtual-4448461497,Senior Accounts Receivable & Revenue Operations Specialist,,scraped,2026-08-09T22:21:17.604180,
1e4a8ab4cfb10f37,https://py.linkedin.com/jobs/view/ingeniero-de-plataforma-de-datos-at-millicom-tigo-4449403861,Ingeniero de Plataforma de Datos,,scraped,2026-08-09T22:21:23.817372,
a6864319932a2741,https://py.linkedin.com/jobs/view/analista-senior-de-log%C3%ADstica-at-nestl%C3%A9-4450383851,Analista Senior de Logística,Nestlé,posted,2026-08-09T22:21:40.775791,842
8bc94c489f1e037b,https://py.linkedin.com/jobs/view/senior-software-engineer-flask-react-remote-latin-america-at-bluelight-4451364692,"Senior Software Engineer (Flask/React) - Remote, Latin America",Bluelight,posted,2026-08-09T22:21:50.712938,844
4ec9dbf9d190da61,https://py.linkedin.com/jobs/view/senior-full-stack-developer-typescript-%2B-python-at-applaudo-4451030047,Senior Full Stack Developer (Typescript + Python),,scraped,2026-08-09T22:21:53.257579,
0f71523825803d7f,https://py.linkedin.com/jobs/view/senior-azure-devops-engineer-at-applaudo-4451019026,Senior Azure DevOps Engineer,,scraped,2026-08-09T22:21:59.827705,
749703275b6d631f,https://py.linkedin.com/jobs/view/enterprise-development-at-cgp-solutions-4448558960,Enterprise Development,,scraped,2026-08-09T22:22:06.327296,
bbc33e2d47ef8eb7,https://py.linkedin.com/jobs/view/management-executive-officer-dgo-at-cgp-solutions-4449103318,Management Executive Officer (DGO),,scraped,2026-08-09T22:22:12.382023,
b0cc544d35dcf4e1,https://py.linkedin.com/jobs/view/project-manager-facilities-management-at-cgp-solutions-4450301284,"Project Manager, Facilities Management",,scraped,2026-08-09T22:22:18.450612,
09195ccdd1ed289e,https://py.linkedin.com/jobs/view/research-data-analyst-id-at-cgp-solutions-4450306060,Research & Data Analyst (ID),,scraped,2026-08-09T22:22:24.448092,
4ac217653274d628,https://py.linkedin.com/jobs/view/data-support-analyst-id-at-cgp-solutions-4450303311,Data Support Analyst (ID),,scraped,2026-08-09T22:22:30.410914,
7f9b961ecb58d3d5,https://py.linkedin.com/jobs/view/face-deduplication-collection-english-py-at-telus-digital-4450679721,Face Deduplication Collection - English (PY),,scraped,2026-08-09T22:22:36.404229,
f5fdee66558280b5,https://py.linkedin.com/jobs/view/basculero-a-y-clasificador-a-at-adm-4451189613,Basculero/a y Clasificador/a,ADM,posted,2026-08-11T22:28:23.642852,846
8ba7f316924edb46,https://py.linkedin.com/jobs/view/corporate-travel-and-mobility-agent-remote-work-at-bairesdev-4451901681,Corporate Travel and Mobility Agent - Remote Work,BairesDev,posted,2026-08-11T22:28:28.469289,272
59bd6688c94f37f9,https://py.linkedin.com/jobs/view/jefe-de-producto-retail-moda-at-manpowergroup-4451189844,Jefe de producto - Retail Moda,ManpowerGroup,posted,2026-08-11T22:28:37.722872,848
7a415c63902cacd6,https://py.linkedin.com/jobs/view/data-scientist-at-applaudo-4451009682,Data Scientist,,scraped,2026-08-11T22:28:40.481033,
da40a51d0f455da4,https://py.linkedin.com/jobs/view/talent-coach-at-toptal-4451876736,Talent Coach,Toptal,posted,2026-08-11T22:28:52.807551,850
73dbbb66ccab8ac6,https://py.linkedin.com/jobs/view/barberos-para-los-pa%C3%ADses-n%C3%B3rdicos-at-eutalents-4452135383,Barberos para los países nórdicos,,scraped,2026-08-11T22:28:57.363240,
65108b025df04614,https://py.linkedin.com/jobs/view/plant-controller-paraguay-py-2680-at-dat-schaub-4452160602,"Plant Controller - Paraguay (PY, 2680)",,scraped,2026-08-11T22:29:04.058139,
001bad889882f562,https://py.linkedin.com/jobs/view/trade-marketing-coordinator-at-cheil-central-america-4451439804,Trade Marketing Coordinator,Cheil Central America,posted,2026-08-11T22:29:19.715185,852
97378ab5b5e4eb63,https://py.linkedin.com/jobs/view/branch-banking-client-consultant-ii-at-flagstar-bank-4451940508,Branch Banking Client Consultant II,Flagstar Bank,posted,2026-08-11T22:29:33.240347,854
23609ee43c556540,https://py.linkedin.com/jobs/view/lider-de-politicas-de-riesgo-crediticio-at-millicom-tigo-4449213618,Lider de Politicas de Riesgo Crediticio,,scraped,2026-08-11T22:29:36.014140,
ea625c107547dd17,https://py.linkedin.com/jobs/view/assistente-controllo-qualit%C3%A0-della-produzione-italia-at-susies-shoe-store-4448967276,Assistente controllo qualità della produzione (Italia),SUSIES SHOE STORE,posted,2026-08-11T22:29:50.972020,856
4273665bfdeb8bf9,https://py.linkedin.com/jobs/view/idb-invest-development-impact-director-real-sector-operations-at-idb-invest-4448022521,IDB Invest - Development Impact Director - Real Sector Operations,BID Invest,posted,2026-08-11T22:30:00.443040,858
6043a7485138d130,https://py.linkedin.com/jobs/view/mobile-automation-engineer-ote-%2433-000-year-usd-%40cxt-software-at-cxt-software-4452484520,"Mobile Automation Engineer (OTE $33,000/year USD), @CXT Software",CXT Software,posted,2026-08-11T22:30:21.829107,860
8c16546a86cfd8b2,https://py.linkedin.com/jobs/view/analista-de-seguridad-inform%C3%A1tica-at-rieder-com-technology-4448590573,Analista de Seguridad Informática,,scraped,2026-08-11T22:30:28.201379,
ed460851d8d07ada,https://py.linkedin.com/jobs/view/analista-soc-n1-at-atalanta-cybersecurity-digital-4449830476,Analista SOC N1,,scraped,2026-08-11T22:30:34.578311,
3feed1a664367ca8,https://py.linkedin.com/jobs/view/t%C3%A9cnico-mec%C3%A2nico-mt-at-igua%C3%A7u-m%C3%A1quinas-agr%C3%ADcolas-4450537366,Técnico mecânico - MT,,scraped,2026-08-11T22:30:42.067662,
b464f4c741c66825,https://py.linkedin.com/jobs/view/ejecutivo-comercial-at-propio-paraguay-4449809468,Ejecutivo Comercial,,scraped,2026-08-11T22:30:51.431474,
689132022dd68b28,https://py.linkedin.com/jobs/view/analista-semi-sr-de-recursos-humanos-at-sgf-global-4452607043,Analista Semi Sr de recursos humanos,SGF Global,posted,2026-08-11T22:31:11.520522,862
f0db069e473156e5,https://py.linkedin.com/jobs/view/consultor-en-operaciones-estrategia-y-programaci%C3%B3n-at-inter-american-development-bank-4448442965,"Consultor en Operaciones, Estrategia y Programación",Banco Interamericano de Desarrollo,posted,2026-08-11T22:31:21.480271,864
2b392e771ef54c8b,https://py.linkedin.com/jobs/view/asesor-de-seguros-at-voicenter-paraguay-4449574663,Asesor de seguros,,scraped,2026-08-11T22:31:24.069716,
0ad88595530ce93e,https://py.linkedin.com/jobs/view/agente-inmobiliario-para-importante-empresa-para-asunci%C3%B3n-en-paraguay-at-manpowergroup-argentina-4452463237,Agente inmobiliario para importante empresa para Asunción en Paraguay,,scraped,2026-08-11T22:31:36.773432,
5d16178ad6c4feb3,https://py.linkedin.com/jobs/view/jr-quality-engineer-manual-and-automation-tieto-tech-consulting-m-f-d-at-tieto-4452135830,Jr Quality Engineer (Manual and Automation) - Tieto Tech Consulting (m/f/d),Tieto,posted,2026-08-11T22:31:54.501150,866
cf0ef55056e2b9f3,https://py.linkedin.com/jobs/view/sup-de-gesti%C3%B3n-comercial-telemarketing-at-claro-paraguay-4451454735,Sup. de Gestión Comercial Telemarketing,,scraped,2026-08-11T22:31:57.117840,
7891c8a5c5238a9d,https://py.linkedin.com/jobs/view/dise%C3%B1ador-pre-prensa-at-lavoro-4449800302,Diseñador Pre Prensa,LAVORO,posted,2026-08-11T22:32:11.452390,868
d5cd89a38b72fdbe,https://py.linkedin.com/jobs/view/vendedor-4452420703,Vendedor,El Stand Producciones,posted,2026-08-11T22:32:16.057562,180
568d207a9028fd19,https://py.linkedin.com/jobs/view/senior-flask%2Breact-fullstack-developer-remote-latin-america-at-bluelight-4451837625,"Senior Flask+React Fullstack Developer - Remote, Latin America",Bluelight,posted,2026-08-11T22:32:27.331469,870
40ae31396d312fce,https://py.linkedin.com/jobs/view/becas-erasmus-mundus-at-lateen-4452465826,Becas Erasmus Mundus,Lateen,posted,2026-08-11T22:32:36.429672,872
8e0453d1558588b5,https://py.linkedin.com/jobs/view/remote-operator-at-metropolitan-foot-care-4451576182,Remote operator,Metropolitan Foot Care,posted,2026-08-11T22:32:44.360653,874
27357d0ef9b1841e,https://py.linkedin.com/jobs/view/analista-de-sistemas-consultor-comercial-b2b-100%25-remoto-at-komanda-f5-4451697374,Analista de Sistemas | Consultor Comercial B2B (100% Remoto),,scraped,2026-08-11T22:32:46.914537,
df05b0d0027a8c57,https://py.linkedin.com/jobs/view/consultor-pec-diagn%C3%B3stico-de-implementaci%C3%B3n-del-grupo-de-washington-en-censos-y-encuestas-de-alc-at-inter-american-development-bank-4448052891,Consultor PEC - Diagnóstico de implementación del Grupo de Washington en censos y encuestas de ALC,Banco Interamericano de Desarrollo,posted,2026-08-11T22:33:00.704949,876
69257914215e6fa2,https://py.linkedin.com/jobs/view/desarrollador-full-stack-senior-node-js-typescript-at-punto-ok-4449855967,Desarrollador Full Stack Senior (Node.js / TypeScript),,scraped,2026-08-11T22:33:03.417002,
1b9eb30afc760f90,https://py.linkedin.com/jobs/view/senior-full-stack-developer-react-node-js-at-applaudo-4451014909,Senior Full Stack Developer (React & Node.js),,scraped,2026-08-11T22:33:11.795683,
c2b4c1eb5e1cbd33,https://py.linkedin.com/jobs/view/asistente-de-auditor%C3%ADa-inform%C3%A1tica-at-ey-4320288977,Asistente de Auditoría Informática,EY,posted,2026-08-11T22:33:29.026805,878
04b26fc11289363f,https://py.linkedin.com/jobs/view/analista-de-planificaci%C3%B3n-y-control-de-gesti%C3%B3n-at-bebidas-del-paraguay-4450366017,Analista de Planificación y Control de Gestión,,scraped,2026-08-11T22:33:31.708801,
111ed34b2ac55992,https://py.linkedin.com/jobs/view/project-manager-senior-remote-work-at-bairesdev-4451430406,Project Manager Senior - Remote Work,BairesDev,posted,2026-08-11T22:33:42.769766,818
d1c219d4c938f9f7,https://py.linkedin.com/jobs/view/editor-de-video-senior-at-gamboost-4449865490,Editor de Video Senior,GamBoost,posted,2026-08-11T22:33:53.765244,880
e578ea4bc406cff2,https://py.linkedin.com/jobs/view/operational-supervisor-at-dash-bpo-4451406777,Operational Supervisor,DASH BPO,posted,2026-08-11T22:34:05.638583,882
3ca26bd435ff7e66,https://py.linkedin.com/jobs/view/accounting-sr-analyst-at-nestl%C3%A9-4451452736,Accounting Sr. Analyst,Nestlé,posted,2026-08-11T22:34:16.405349,884
dd33612f1c14a6a5,https://py.linkedin.com/jobs/view/analista-senior-de-facturaci%C3%B3n-cobranza-y-revenue-operations-at-ey-4431540207,"Analista Senior de Facturación, Cobranza y Revenue Operations",EY,posted,2026-08-11T22:34:28.064592,886
4cc36ea99a4bf29c,https://py.linkedin.com/jobs/view/sports-data-collector-football-carapegu%C3%A1-paraguay-at-genius-sports-4430614696,"Sports Data Collector (Football) - Carapeguá, Paraguay",,scraped,2026-08-11T22:34:30.769186,
6928353087837291,https://py.linkedin.com/jobs/view/customer-support-specialist-at-veta-virtual-4451026688,Customer Support Specialist,,scraped,2026-08-11T22:34:37.384925,
fd6b7b8411f0ef01,https://py.linkedin.com/jobs/view/full-stack-software-engineer-at-veta-virtual-4448461496,Full-Stack Software Engineer,,scraped,2026-08-11T22:34:44.073046,
b0b9bd93201b3401,https://py.linkedin.com/jobs/view/sports-data-collector-football-dr-juan-le%C3%B3n-mallorqu%C3%ADn-alto-paran%C3%A1-paraguay-at-genius-sports-4430616683,"Sports Data Collector (Football) - Dr. Juan León Mallorquín, Alto Paraná, Paraguay",,scraped,2026-08-11T22:34:50.078888,
79090e501ecd32c4,https://py.linkedin.com/jobs/view/senior-flask%2Breact-fullstack-developer-remote-latin-america-at-bluelight-4451858408,"Senior Flask+React Fullstack Developer - Remote, Latin America",Bluelight,posted,2026-08-11T22:35:03.528374,888
f81c50cdd2651d7f,https://py.linkedin.com/jobs/view/enfermero-a-uci-hla-universitario-moncloa-madrid-at-hospital-universitario-hla-moncloa-s-a-u-4450066446,Enfermero/a UCI HLA Universitario Moncloa Madrid,,scraped,2026-08-11T22:35:06.083304,
ac5c50b788687a0e,https://py.linkedin.com/jobs/view/senior-software-engineer-flask-react-remote-latin-america-at-bluelight-4451372487,"Senior Software Engineer (Flask/React) - Remote, Latin America",Bluelight,posted,2026-08-11T22:35:16.331617,844
af33c933271ee45d,https://py.linkedin.com/jobs/view/asistente-de-marketing-digital-temporal-at-nestl%C3%A9-4450291417,Asistente de Marketing Digital - Temporal,Nestlé,posted,2026-08-11T22:35:27.418352,890
00a53b13b804f176,https://py.linkedin.com/jobs/view/senior-software-engineer-flask-react-remote-latin-america-at-bluelight-4451365708,"Senior Software Engineer (Flask/React) - Remote, Latin America",Bluelight,posted,2026-08-11T22:35:32.326062,844
4682e20edc216e4e,https://py.linkedin.com/jobs/view/it-recruiter-remote-work-at-bairesdev-4452396623,IT Recruiter - Remote Work,BairesDev,posted,2026-08-13T22:27:47.272634,94
9d6f682bd29b9b0c,https://py.linkedin.com/jobs/view/auxiliar-4450161672,Auxiliar,Profesional independiente,posted,2026-08-13T22:27:54.967523,892
e7d23c9312ef8ed9,https://py.linkedin.com/jobs/view/crm-manager-remote-work-at-bairesdev-4452704080,CRM Manager - Remote Work,BairesDev,posted,2026-08-13T22:28:04.027679,652
38edfd0078cfd66e,https://py.linkedin.com/jobs/view/maquinista-at-adm-4451177680,Maquinista,ADM,posted,2026-08-13T22:28:15.842493,894
7963afd0a3d2bdbf,https://py.linkedin.com/jobs/view/human-resources-recruiter-at-dash-bpo-4451187667,Human Resources Recruiter,DASH BPO,posted,2026-08-13T22:28:26.902714,896
f00dcc4fd1df428e,https://py.linkedin.com/jobs/view/paid-media-manager-at-veta-virtual-4451037064,Paid Media Manager,,scraped,2026-08-13T22:28:29.490570,
e8a3c7c75e10387d,https://py.linkedin.com/jobs/view/agente-inmobiliario-at-remax-evolution-paraguay-4452305174,Agente inmobiliario,REMAX Evolution Paraguay,posted,2026-08-13T22:28:38.236042,402
5534093c0c3f35f2,https://py.linkedin.com/jobs/view/project-operations-specialist-at-toptal-4453357555,Project Operations Specialist,Toptal,posted,2026-08-13T22:28:46.491074,898
20d87a132b8b8806,https://py.linkedin.com/jobs/view/order-management-analyst-at-roche-4453659260,Order Management Analyst,,scraped,2026-08-13T22:28:53.077624,
41b9ba4cbbca09e3,https://py.linkedin.com/jobs/view/business-development-manager-at-deriv-4451661642,Business Development Manager,,scraped,2026-08-13T22:29:00.475243,
e0176afeb8b8ddc3,https://py.linkedin.com/jobs/view/end-user-support-technician-advanced-english-at-alorica-4450338238,End User Support Technician (Advanced English),Alorica,posted,2026-08-13T22:29:10.123985,226
1c425345bc94604f,https://py.linkedin.com/jobs/view/encargado-operativo-at-occidental-express-4449591124,Encargado Operativo,OCCIDENTAL EXPRESS,posted,2026-08-13T22:29:19.181673,900
fb306ea637895933,https://py.linkedin.com/jobs/view/operador-de-cierre-base-de-datos-at-clt-sa-4449555923,Operador de Cierre Base de Datos,CLT SA,posted,2026-08-13T22:29:29.669666,902
de06fca0a0414c7b,https://py.linkedin.com/jobs/view/t%C3%A9cnico-de-mantenimiento-at-todo-costura-s-a-4450197245,Técnico de mantenimiento,,scraped,2026-08-13T22:29:34.295324,
afe9d7a8f158780d,https://py.linkedin.com/jobs/view/program-manager-at-unosquare-4410628514,Program Manager,unosquare,posted,2026-08-13T22:29:47.455284,904
8f3e89f0cccb3126,https://py.linkedin.com/jobs/view/ejecutivo-comercial-at-propio-paraguay-4448436673,Ejecutivo comercial,,scraped,2026-08-13T22:29:50.122096,
ffbc606c1600ba92,https://py.linkedin.com/jobs/view/analista-de-ciberseguridad-at-negofin-s-a-e-c-a-4450162860,Analista de ciberseguridad,,scraped,2026-08-13T22:29:56.591442,
ec9774f77a9e51ff,https://py.linkedin.com/jobs/view/social-media-manager-at-think-digital-consulting-paraguay-4450178050,Social media manager,Think Digital Consulting Paraguay,posted,2026-08-13T22:30:11.229369,690
707e15f9d4b69673,https://py.linkedin.com/jobs/view/agente-inmobiliario-remax-at-re-max-genesis-paraguay-4450129551,AGENTE INMOBILIARIO REMAX,,scraped,2026-08-13T22:30:13.665010,
94b061e32b22dea8,https://py.linkedin.com/jobs/view/sales-manager-at-eastchem-co-ltd-4453131679,Sales Manager,,scraped,2026-08-13T22:30:20.327241,
51bc2c2cd69e4340,https://py.linkedin.com/jobs/view/auxiliar-de-facturaci%C3%B3n-at-jauser-paraguay-soluciones-log%C3%ADsticas-4453030215,Auxiliar de Facturación,,scraped,2026-08-13T22:30:29.418459,
bcaf707ead24fd18,https://py.linkedin.com/jobs/view/infrastructure-engineer-core-infrastructure-at-kraken-4451439939,Infrastructure Engineer - Core Infrastructure,Kraken,posted,2026-08-13T22:30:44.319009,906
03ed50c5085a955e,https://py.linkedin.com/jobs/view/servicio-t%C3%A9cnico-at-alvog-sa-4449813107,Servicio técnico,ALVOG SA,posted,2026-08-13T22:30:58.212529,908
eacc8435488a7aec,https://py.linkedin.com/jobs/view/supervisor-de-operaciones-granos-y-aceites-at-rocktree-4450387028,Supervisor de Operaciones Granos y Aceites,Rocktree,posted,2026-08-13T22:31:08.385802,910
655d6dd964172424,https://py.linkedin.com/jobs/view/licenciatura-en-electricidad-at-facultad-polit%C3%A9cnica-una-4448744125,Licenciatura en Electricidad,,scraped,2026-08-13T22:31:10.783269,
ef53247961ef862b,https://py.linkedin.com/jobs/view/analista-de-comercio-exterior-4453380246,Analista de comercio exterior,Confidencial.,posted,2026-08-13T22:31:28.472018,912
314051a0f97811da,https://py.linkedin.com/jobs/view/solutions-specialist-legal-sales-specialist-latin-america-only-at-sussman-law-firm-pllc-4453678530,Solutions Specialist (Legal Sales Specialist) - Latin America Only,"Sussman Law Firm, PLLC",posted,2026-08-13T22:31:37.116038,914
4aee64c9ea59edbb,https://py.linkedin.com/jobs/view/asesor-del-contact-center-retencion-at-millicom-tigo-4453341556,Asesor Del Contact Center Retencion,,scraped,2026-08-13T22:31:39.716770,
035f6c3e75e6e14a,https://py.linkedin.com/jobs/view/analista-de-marketing-comercial-at-lavoro-4450833505,Analista de Marketing Comercial,LAVORO,posted,2026-08-13T22:31:51.910651,916
c8827caa4fc08c8a,https://py.linkedin.com/jobs/view/marketing-specialist-4450170033,Marketing Specialist,Computech Paraguay,posted,2026-08-13T22:31:55.961091,362
3ff447c6ade6758f,https://py.linkedin.com/jobs/view/coordenador-a-de-hr-business-partner-at-aldelia-4454079076,Coordenador(a) de HR Business Partner,,scraped,2026-08-13T22:31:58.530117,
8f257055bb7424a8,https://py.linkedin.com/jobs/view/brazil-hull-plan-approval-engineer-at-rina-4452997519,Brazil Hull Plan Approval Engineer,,scraped,2026-08-13T22:32:05.704669,
a5fe6d83bac4355c,https://py.linkedin.com/jobs/view/analista-de-infraestructura-ti-at-grupo-barr-4450824427,Analista de Infraestructura - TI,,scraped,2026-08-13T22:32:15.617897,
fd338ab29996d743,https://py.linkedin.com/jobs/view/freelance-at-firstsource-4451154211,Freelance,,scraped,2026-08-13T22:32:23.080769,
8d1c9306b8581dba,https://py.linkedin.com/jobs/view/sports-data-collector-football-filadelfia-boquer%C3%B3n-paraguay-at-genius-sports-4430627521,"Sports Data Collector (Football) - Filadelfia, Boquerón, Paraguay",,scraped,2026-08-13T22:32:29.615678,
ad2e9e7f07f59ed3,https://py.linkedin.com/jobs/view/senior-automation-tester-in-js-at-epam-systems-4450143732,Senior Automation Tester in JS,EPAM Systems,posted,2026-08-13T22:32:41.443427,918
04b734dce69589df,https://py.linkedin.com/jobs/view/medico-especialista-at-hospital-universitario-hla-moncloa-s-a-u-4450079151,Medico Especialista,,scraped,2026-08-13T22:32:43.881699,
4d63144365995832,https://py.linkedin.com/jobs/view/asesor-comercial-at-prohygiene-4454045823,Asesor Comercial,,scraped,2026-08-13T22:32:51.695576,
c48bb4319fca2c6d,https://py.linkedin.com/jobs/view/auxiliar-t%C3%A9cnico-syso-at-mega-pl%C3%A1sticos-s-a-4450705560,Auxiliar Técnico SYSO,,scraped,2026-08-13T22:32:59.372883,
609162f41fed379a,https://py.linkedin.com/jobs/view/hydrus-audio-engineer-at-welocalize-4452742669,Hydrus Audio Engineer,Welocalize,posted,2026-08-13T22:33:13.649348,920
cec4f8605db90405,https://py.linkedin.com/jobs/view/dise%C3%B1ador-a-industrial-%E2%80%93-solidworks-cad-at-la-offi-s-a-4453206269,Diseñador/a Industrial – SolidWorks / CAD,,scraped,2026-08-13T22:33:16.266328,
95aff533e9efc54a,https://py.linkedin.com/jobs/view/ingeniero-el%C3%A9ctrico-semi-senior-redtree-latam-at-csi-4453336462,Ingeniero Eléctrico Semi Senior - RedTree LATAM,,scraped,2026-08-13T22:33:28.214428,
e8686d05f87e55b1,https://py.linkedin.com/jobs/view/consultor-ap-ar-y-gl-cloud-at-acl-4451975400,"Consultor AP, AR y GL (CLOUD)",,scraped,2026-08-13T22:33:41.199673,
5040c0d881437148,https://py.linkedin.com/jobs/view/senior-flask%2Breact-fullstack-developer-remote-latin-america-at-bluelight-4451854469,"Senior Flask+React Fullstack Developer - Remote, Latin America",Bluelight,posted,2026-08-13T22:33:58.785527,922
7d542dcbdbafd0a7,https://py.linkedin.com/jobs/view/crm-manager-remote-work-at-bairesdev-4452381860,CRM Manager - Remote Work,BairesDev,posted,2026-08-13T22:34:05.600081,652
9e038172a64a53ef,https://py.linkedin.com/jobs/view/product-security-engineer-remote-work-at-bairesdev-4452741733,Product Security Engineer - Remote Work,BairesDev,posted,2026-08-13T22:34:10.487311,222
a9e59f3f51a735c1,https://py.linkedin.com/jobs/view/technical-manager-remote-work-at-bairesdev-4453251171,Technical Manager - Remote Work,BairesDev,posted,2026-08-13T22:34:18.337958,924
08031b9540b8d235,https://py.linkedin.com/jobs/view/devops-i%2Bd-trabajo-remoto-at-bairesdev-4451174813,DevOps / I+D - Trabajo Remoto,BairesDev,posted,2026-08-13T22:34:26.264386,926
c0098877c3496d8e,https://py.linkedin.com/jobs/view/application-security-engineer-checkmarx-sast-remote-work-at-bairesdev-4453237549,Application Security Engineer (Checkmarx / SAST) - Remote Work,BairesDev,posted,2026-08-13T22:34:31.121233,190
2ac9a36ac8cc0c25,https://py.linkedin.com/jobs/view/product-security-engineer-remote-work-at-bairesdev-4452749696,Product Security Engineer - Remote Work,BairesDev,posted,2026-08-13T22:34:35.961753,222
c3cf0a95f1d76938,https://py.linkedin.com/jobs/view/recruiting-manager-remote-work-at-bairesdev-4452994671,Recruiting Manager - Remote Work,BairesDev,posted,2026-08-13T22:34:40.867609,246
8ab4a0c6a8284be5,https://py.linkedin.com/jobs/view/marketing-specialist-remote-work-at-bairesdev-4452730415,Marketing Specialist - Remote Work,BairesDev,posted,2026-08-13T22:34:48.985327,928
8ef6b48947f5cf95,https://py.linkedin.com/jobs/view/scrum-master-remote-work-at-bairesdev-4452712212,Scrum Master - Remote Work,BairesDev,posted,2026-08-13T22:34:53.771342,162
459a6eef77c702c6,https://py.linkedin.com/jobs/view/talent-acquisition-associate-remote-work-at-bairesdev-4452717434,Talent Acquisition Associate - Remote Work,BairesDev,posted,2026-08-13T22:34:58.758310,638
4dc4b4ef87a92ae5,https://py.linkedin.com/jobs/view/asistente-financiero-y-de-acuerdos-comerciales-at-nestl%C3%A9-4453605109,Asistente Financiero y de Acuerdos Comerciales,Nestlé,posted,2026-08-13T22:35:09.853495,930
402ddf1df4913192,https://py.linkedin.com/jobs/view/sales-executive-for-campus-live-remote-work-at-bairesdev-4452390945,Sales Executive for Campus Live - Remote Work,BairesDev,posted,2026-08-13T22:35:14.593923,298
ec403190a5ce4582,https://py.linkedin.com/jobs/view/senior-it-project-manager-remote-work-at-bairesdev-4451432116,Senior IT Project Manager - Remote Work,BairesDev,posted,2026-08-13T22:35:19.321235,762
16deeb350c8a300c,https://py.linkedin.com/jobs/view/infrastructure-engineer-kubernetes-platform-at-kraken-4451469003,Infrastructure Engineer - Kubernetes Platform,Kraken,posted,2026-08-13T22:35:27.028344,932
01163df54d90cd6a,https://py.linkedin.com/jobs/view/analista-tecnico-helpdesk-fibra-optica-at-millicom-tigo-4454023164,Analista Tecnico Helpdesk Fibra Optica,,scraped,2026-08-13T22:35:29.637663,
ac4d9d26bd085a9f,https://py.linkedin.com/jobs/view/luxury-client-advocate-at-veta-virtual-4452784287,Luxury Client Advocate,,scraped,2026-08-13T22:35:36.585062,
59b4f15d6bf5962f,https://py.linkedin.com/jobs/view/aprendiz-administrativo-at-adm-4453244434,Aprendiz Administrativo,ADM,posted,2026-08-13T22:35:54.302842,934
13b2e12458476551,https://py.linkedin.com/jobs/view/asesor-de-cuentas-micro-y-small-inbound-at-millicom-tigo-4454086583,Asesor de Cuentas Micro y Small Inbound,,scraped,2026-08-13T22:35:56.925656,
ace41510efb0385a,https://py.linkedin.com/jobs/view/rmh-modena-des-arts-hotel-business-at-rosaria-marazzi-hotels-4455124974,RMH Modena Des Arts - Hotel & Business,,scraped,2026-08-15T22:01:58.618236,
7c9d3093d81a1fd4,https://py.linkedin.com/jobs/view/r-d-representative-at-kingagroot-cropscience-%E6%B8%85%E5%8E%9F%E4%BD%9C%E7%89%A9%E7%A7%91%E5%AD%A6-4453297811,R&D-Representative,,scraped,2026-08-15T22:02:13.504341,
11fc9b22da954b92,https://py.linkedin.com/jobs/view/sales-development-representative-at-ningbo-mh-industry-co-ltd-4454337491,Sales Development Representative,,scraped,2026-08-15T22:02:21.076160,
ec268e6746809bae,https://py.linkedin.com/jobs/view/join-our-talent-pool-for-an-it-office-support-consultant-at-inter-american-development-bank-4450844901,Join our Talent Pool for an IT Office Support Consultant,Banco Interamericano de Desarrollo,posted,2026-08-15T22:02:39.471868,936
7f5239663515cfb6,https://py.linkedin.com/jobs/view/barbers-for-the-nordics-at-eutalents-4453751943,Barbers for the Nordics,,scraped,2026-08-15T22:02:44.032833,
97b5eda11daf1d4c,https://py.linkedin.com/jobs/view/t%C3%A9cnico-syso-4450195717,Técnico SySO,Consorcio Civil,posted,2026-08-15T22:02:57.263940,938
80363187b75e3466,https://py.linkedin.com/jobs/view/content-strategist-creator-at-starmedia-4451219415,Content Strategist & Creator,,scraped,2026-08-15T22:03:04.023281,
b725ba5abe6ee4b9,https://py.linkedin.com/jobs/view/auxiliar-de-mantenimiento-at-santa-monica-consultora-4450138575,Auxiliar de mantenimiento,Santa Monica Consultora,posted,2026-08-15T22:03:19.296897,940
a0a25610f6dfcb68,https://py.linkedin.com/jobs/view/consultor-de-preventa-sap-at-seidor-4453713861,Consultor de Preventa SAP,SEIDOR,posted,2026-08-15T22:03:32.256941,942
1e74c5c345fe0407,https://py.linkedin.com/jobs/view/site-reliability-engineer-telemetry-at-kraken-4452722068,Site Reliability Engineer - Telemetry,Kraken,posted,2026-08-15T22:03:40.733794,944
d7dcf7ecf5d21033,https://py.linkedin.com/jobs/view/analista-comercial-jr-at-hidrovias-do-brasil-4450148068,Analista Comercial Jr.,,scraped,2026-08-15T22:03:47.532747,
b66f1ee8a3062446,https://py.linkedin.com/jobs/view/analista-de-operaciones-billetera-at-claro-paraguay-4453221298,Analista de Operaciones Billetera,,scraped,2026-08-15T22:03:58.012758,
7fb4ff117a83bba0,https://py.linkedin.com/jobs/view/t%C3%A9cnico-mec%C3%A2nico-mt-at-igua%C3%A7u-m%C3%A1quinas-agr%C3%ADcolas-4450435379,Técnico mecânico - MT,,scraped,2026-08-15T22:04:06.478910,
0455bbc29829686a,https://py.linkedin.com/jobs/view/patient-service-rep-key-whitman-eye-center-dallas-at-novamed-4451454702,"Patient Service Rep - Key Whitman Eye Center, Dallas",Novamed,posted,2026-08-15T22:04:22.244853,946
8bdb0b6411072ac5,https://py.linkedin.com/jobs/view/asistente-administrativo-at-cargill-4450162699,Asistente Administrativo,Cargill,posted,2026-08-15T22:04:27.115584,588
b003cc57ee155b76,https://py.linkedin.com/jobs/view/programme-analyst-youth-noa-gaza-state-of-palestine-at-united-nations-population-fund-unfpa-4452357839,"Programme Analyst Youth (NOA) - Gaza, State of Palestine",United Nations Population Fund (UNFPA),posted,2026-08-15T22:04:35.687861,948
f03d46377f4c713f,https://py.linkedin.com/jobs/view/coordenador-a-de-cultura-comunica%C3%A7%C3%A3o-interna-e-experi%C3%AAncia-do-colaborador-at-aldelia-4454097892,"Coordenador(a) de Cultura, Comunicação Interna e Experiência do Colaborador",,scraped,2026-08-15T22:04:38.247417,
7cb47f08cc54e0ad,https://py.linkedin.com/jobs/view/l%C3%ADder-de-proyectos-at-seidor-4453207543,Líder de Proyectos,SEIDOR,posted,2026-08-15T22:04:55.636316,950
728cfca7225b3acb,https://py.linkedin.com/jobs/view/arquitecto-de-soluciones-at-edge-4451742574,Arquitecto de soluciones,EDGE,posted,2026-08-15T22:05:07.627043,952
f72199538608b5e9,https://py.linkedin.com/jobs/view/salesforce-architect-developer-nonprofit-cloud-%2B-taskray-at-braintrust-4454336015,Salesforce Architect / Developer (Nonprofit Cloud + TaskRay),Braintrust,posted,2026-08-15T22:05:19.827504,954
44ebe86cae4299c5,https://py.linkedin.com/jobs/view/auxiliar-de-dep%C3%B3sito-sigev-santa-rita-at-tecnomyl-s-a-paraguay-4454042421,Auxiliar de Depósito SIGEV - Santa Rita,,scraped,2026-08-15T22:05:32.352412,
bd91cc011ed31ebd,https://py.linkedin.com/jobs/view/asesores-inmobiliarios-senior-asunci%C3%B3n-at-talent-connect-4453507121,Asesores Inmobiliarios Senior (Asunción),Talent Connect,posted,2026-08-15T22:05:48.547061,956
01b72ed1879c134e,https://py.linkedin.com/jobs/view/asistente-de-operaciones-y-ventas-at-paraguay-transfers-4452736058,Asistente de Operaciones y Ventas,Paraguay Transfers,posted,2026-08-15T22:05:56.854264,958
c8bd4e8bde5d4176,https://py.linkedin.com/jobs/view/senior-full-stack-developer-at-national-services-group-inc-4451268135,Senior Full-Stack Developer,"National Services Group, Inc.",posted,2026-08-15T22:06:01.827663,802
12c44d9d0516add4,https://py.linkedin.com/jobs/view/asistente-de-marketing-ia-y-operaciones-at-peruchena-studio-4450454092,"Asistente de Marketing, IA y Operaciones",Peruchena Studio,posted,2026-08-15T22:06:15.942242,960
d4924b7eae1cc563,https://py.linkedin.com/jobs/view/ejecutivo-de-ventas-farma-personal-care-at-mcassab-paraguay-4452398729,Ejecutivo de ventas Farma & Personal Care,,scraped,2026-08-15T22:06:18.656245,
132690294a58a768,https://py.linkedin.com/jobs/view/gerente-senior-de-operaciones-incorpora-un-importante-y-exitoso-grupo-empresarial-con-base-en-asunci%C3%B3n-at-mabel-riart-consulting-4450863975,"GERENTE SENIOR DE OPERACIONES,  incorpora un Importante y Exitoso Grupo Empresarial con base en Asunción.",,scraped,2026-08-15T22:06:25.864149,
285b20c84d327039,https://py.linkedin.com/jobs/view/alejandro-gonz%C3%A1lez-at-labor-digital-4453064888,Alejandro González,Labor Digital,posted,2026-08-15T22:06:39.772345,962
63cf474bb406471a,https://py.linkedin.com/jobs/view/representante-de-ventas-externas-at-semar-s-r-l-4446677587,Representante de ventas externas,,scraped,2026-08-15T22:06:42.352994,
bafdb39c7743740e,https://py.linkedin.com/jobs/view/asesores-inmobiliarios-senior-ciudad-del-este-at-talent-connect-4453511798,Asesores Inmobiliarios Senior (Ciudad del Este),Talent Connect,posted,2026-08-15T22:06:57.564275,964
552d42bce336d495,https://py.linkedin.com/jobs/view/dise%C3%B1ador-gr%C3%A1fico-at-grupo-vibe-e-a-s-4448791480,Diseñador gráfico,GRUPO VIBE E.A.S.,posted,2026-08-15T22:07:07.700163,966
26c15fc56816ab8d,https://py.linkedin.com/jobs/view/staffing-solution-architect-remote-work-at-bairesdev-4452741546,Staffing Solution Architect - Remote Work,BairesDev,posted,2026-08-15T22:07:16.065419,968
a8d533c57593d3d1,https://py.linkedin.com/jobs/view/talent-quality-auditor-remote-work-at-bairesdev-4453203335,Talent Quality Auditor - Remote Work,BairesDev,posted,2026-08-15T22:07:21.319326,506
ac30abc496472ab6,https://py.linkedin.com/jobs/view/skills-role-content-specialist-remote-work-at-bairesdev-4452747077,Skills & Role Content Specialist - Remote Work,BairesDev,posted,2026-08-15T22:07:26.253916,98
76e51115efe625cb,https://py.linkedin.com/jobs/view/recruiting-analyst-remote-work-at-bairesdev-4451949170,Recruiting Analyst - Remote Work,BairesDev,posted,2026-08-15T22:07:34.318451,970
bde065ea0d4b27a3,https://py.linkedin.com/jobs/view/hiring-journey-analyst-remote-work-at-bairesdev-4451922386,Hiring Journey Analyst - Remote Work,BairesDev,posted,2026-08-15T22:07:41.080339,244
3ca7a58f7479b8a1,https://py.linkedin.com/jobs/view/especialista-en-anal%C3%ADtica-de-recursos-humanos-at-nestl%C3%A9-4451457751,Especialista en Analítica de Recursos Humanos,Nestlé,posted,2026-08-15T22:07:57.682276,972
3a75241a0fc3eaba,https://py.linkedin.com/jobs/view/talent-acquisition-associate-onboarding-data-at-nestl%C3%A9-4451469833,Talent Acquisition Associate | Onboarding & Data,Nestlé,posted,2026-08-15T22:08:08.772520,974
acde50ecc502aac0,https://py.linkedin.com/jobs/view/accounting-analyst-at-nestl%C3%A9-4451474637,Accounting Analyst,Nestlé,posted,2026-08-15T22:08:15.558533,838
c40a4d280d8cc013,https://py.linkedin.com/jobs/view/project-manager-remote-work-at-bairesdev-4452749136,Project Manager - Remote Work,BairesDev,posted,2026-08-15T22:08:20.517518,324
f53de0802ef7fa44,https://py.linkedin.com/jobs/view/ingeniero-de-seguridad-de-aplicaciones-checkmarx-sast-trabajo-remoto-at-bairesdev-4453576721,Ingeniero de Seguridad de Aplicaciones (Checkmarx / SAST) - Trabajo Remoto,BairesDev,posted,2026-08-15T22:08:27.223209,216
4294d857f5af87af,https://py.linkedin.com/jobs/view/technical-project-manager-remote-work-at-bairesdev-4451436754,Technical Project Manager - Remote Work,BairesDev,posted,2026-08-15T22:08:32.137839,756
b854bc7f09d279bc,https://py.linkedin.com/jobs/view/analista-de-compras-at-nestl%C3%A9-4451467703,Analista de Compras,Nestlé,posted,2026-08-15T22:08:38.615741,284
4892bf22a8ac5e41,https://py.linkedin.com/jobs/view/delivery-manager-remote-work-at-bairesdev-4452749342,Delivery Manager - Remote Work,BairesDev,posted,2026-08-15T22:08:43.533648,758
a017948e36fc94c5,https://py.linkedin.com/jobs/view/asistente-de-operaciones-at-adm-4453285427,Asistente de Operaciones,ADM,posted,2026-08-15T22:08:52.554579,976
b24bdd1c5b70d11a,https://py.linkedin.com/jobs/view/senior-accountant-at-veta-virtual-4453026823,Senior Accountant,,scraped,2026-08-15T22:09:01.280545,
bb6f2549b65cfe9a,https://py.linkedin.com/jobs/view/analista-de-reclutamiento-y-selecci%C3%B3n-at-nestl%C3%A9-4453165416,Analista de Reclutamiento y Selección,Nestlé,posted,2026-08-15T22:09:25.975731,978
c2bc979616a0f90e,https://py.linkedin.com/jobs/view/ports-and-shipping-specialist-at-ntu-international-a-s-4455303249,Ports and Shipping Specialist,,scraped,2026-08-17T22:10:22.263925,
d3d49240a655f44a,https://py.linkedin.com/jobs/view/fleeting-analyst-at-adm-4453505317,Fleeting Analyst,ADM,posted,2026-08-17T22:10:40.537887,980
83fe1d211fc3d990,https://py.linkedin.com/jobs/view/disputes-specialist-at-lula-4452281196,Disputes Specialist,Lula,posted,2026-08-17T22:10:49.335837,982
3943a89ac21e3550,https://py.linkedin.com/jobs/view/project-manager-specialist-at-nestl%C3%A9-4454828349,Project Manager Specialist,Nestlé,posted,2026-08-17T22:10:56.035946,104
495cc15f0be98f50,https://py.linkedin.com/jobs/view/operador-de-panel-at-adm-4454420444,Operador de Panel,ADM,posted,2026-08-17T22:11:05.917058,984
83206eaa5d73b30f,https://py.linkedin.com/jobs/view/subgerente-trainee-at-c-vale-cooperativa-agroindustrial-4452267305,Subgerente Trainee,C.Vale - Cooperativa Agroindustrial,posted,2026-08-17T22:11:26.026395,986
91598a9c14909e21,https://py.linkedin.com/jobs/view/talent-acquisition-at-strider-4455340862,Talent Acquisition,Strider,posted,2026-08-17T22:11:34.008934,988
838f92d4e5c0fee6,https://py.linkedin.com/jobs/view/auxiliar-contable-at-todo-costura-s-a-4454289537,AUXILIAR CONTABLE,,scraped,2026-08-17T22:11:36.627186,
d86dc58f9aea4212,https://py.linkedin.com/jobs/view/analista-de-operaciones-at-fundaci%C3%B3n-paraguaya-4452277376,Analista de operaciones,,scraped,2026-08-17T22:11:54.495777,
b53a03980ed426cd,https://py.linkedin.com/jobs/view/asesor-inmobiliario-remax-at-re-max-genesis-paraguay-4452266559,ASESOR INMOBILIARIO REMAX,,scraped,2026-08-17T22:12:06.382356,
5fe4568ec463b16d,https://py.linkedin.com/jobs/view/product-sales-at-experis-4453356713,Product Sales,Experis,posted,2026-08-17T22:12:20.242255,990
ac1f2188193e4570,https://py.linkedin.com/jobs/view/atencion-al-cliente-recepcion-servicio-tecnico-at-todo-costura-s-a-4453741158,ATENCION AL CLIENTE - RECEPCION SERVICIO TECNICO,,scraped,2026-08-17T22:12:26.785444,
79663090467d2c99,https://py.linkedin.com/jobs/view/asesor-t%C3%A9cnico-comercial-at-alvog-sa-4449889129,Asesor técnico comercial,ALVOG SA,posted,2026-08-17T22:12:53.834060,992
9c63b35013719bbf,https://py.linkedin.com/jobs/view/asesor-de-ventas-externas-at-deuce-s-a-4451722043,Asesor de ventas externas,DEUCE S.A.,posted,2026-08-17T22:13:08.229383,994
9bdc0adafc98083c,https://py.linkedin.com/jobs/view/analista-de-datos-at-nexter-s-a-4451285445,Analista de datos,NEXTER S.A.,posted,2026-08-17T22:13:16.552354,558
3e145d724d0503e3,https://py.linkedin.com/jobs/view/vendedor-4450848368,Vendedor,Remax Supreme,posted,2026-08-17T22:13:20.870178,180
8666768842284ff3,https://py.linkedin.com/jobs/view/assistant-production-coordinator-at-national-services-group-inc-4451741254,Assistant Production Coordinator,"National Services Group, Inc.",posted,2026-08-17T22:13:29.320876,996
e9c2e7743738d8ef,https://py.linkedin.com/jobs/view/asistente-administrativo-at-transformaci%C3%B3n-paraguay-4446220332,Asistente Administrativo,Transformación Paraguay,posted,2026-08-17T22:13:40.343404,588
cc0ed0a0ffeebc47,https://py.linkedin.com/jobs/view/vendedor-at-cleantec-s-a-4450496841,Vendedor,Cleantec S.A.,posted,2026-08-17T22:13:45.373577,180
57f9a8ccb5367bb3,https://py.linkedin.com/jobs/view/t%C3%A9cnico-post-venta-qa-tester-analista-de-procesos-at-excelsis-s-a-4452250454,Técnico Post Venta - QA Tester - Analista de Procesos,,scraped,2026-08-17T22:13:48.005891,
b8c96820c4db9e0f,https://py.linkedin.com/jobs/view/asistente-senior-de-contabilidad-at-sgf-global-4454585612,Asistente Senior de Contabilidad,SGF Global,posted,2026-08-17T22:14:04.056436,998
3b20eb4a0679c018,https://py.linkedin.com/jobs/view/desarrollador-full-stack-senior-node-js-typescript-at-punto-ok-4451231529,Desarrollador Full Stack Senior (Node.js / TypeScript),,scraped,2026-08-17T22:14:14.763978,
50203b0ff49dbf97,https://py.linkedin.com/jobs/view/vendedora-de-shopping-at-holdsco-4451730202,Vendedora de Shopping,,scraped,2026-08-17T22:14:21.003744,
166eb117fb594b61,https://py.linkedin.com/jobs/view/technical-product-manager-at-applaudo-4453041049,Technical Product Manager,,scraped,2026-08-17T22:14:28.761391,
9315aa7c0b26a1bc,https://py.linkedin.com/jobs/view/technical-project-manager-client-systems-at-inair-4454884007,"Technical Project Manager, Client Systems",InAir,posted,2026-08-17T22:14:41.143805,1000
17dac5f41a953575,https://py.linkedin.com/jobs/view/corporate-communications-analyst-at-nestl%C3%A9-4454828345,Corporate Communications Analyst,Nestlé,posted,2026-08-17T22:15:02.566539,1002
bbed3c3828f718d0,https://py.linkedin.com/jobs/view/registration-officer-rd-at-cgp-solutions-4454429621,Registration Officer (RD),,scraped,2026-08-17T22:15:17.147944,
f538dce5ade5ca38,https://py.linkedin.com/jobs/view/management-executive-officer-rsv-sp-at-cgp-solutions-4453725778,Management Executive Officer (RSV-SP),,scraped,2026-08-17T22:15:24.241153,
72b122969c40d7bc,https://py.linkedin.com/jobs/view/senior-executive-corporates-branch-at-cgp-solutions-4453718758,"Senior Executive, Corporates Branch",,scraped,2026-08-17T22:15:30.537481,
d7c97f73b09dabf4,https://py.linkedin.com/jobs/view/systems-testing-assistant-dgdd-at-cgp-solutions-4453722733,Systems Testing Assistant (DGDD),,scraped,2026-08-17T22:15:36.658503,
8941269f7a3680e1,https://py.linkedin.com/jobs/view/management-support-executive-officer-cxd-at-cgp-solutions-4454235517,Management Support / Executive Officer (CXD),,scraped,2026-08-17T22:15:42.772211,
8f8aca3d413d8da2,https://py.linkedin.com/jobs/view/it-recruiter-remote-work-at-bairesdev-4454792561,IT Recruiter - Remote Work,BairesDev,posted,2026-08-19T22:11:20.024287,94
f9e570b7892dfb9f,https://py.linkedin.com/jobs/view/staffing-fronters-consultant-remote-work-at-bairesdev-4455414121,Staffing Fronters Consultant - Remote Work,BairesDev,posted,2026-08-19T22:11:28.693921,148
d0661cc9de3e3b47,https://py.linkedin.com/jobs/view/business-development-representative-latin-america-remote-position-at-bluelight-4455776290,"Business Development Representative, Latin America, Remote position",Bluelight,posted,2026-08-19T22:11:38.417593,1004
19b4e7c73d49cfef,https://py.linkedin.com/jobs/view/junior-recruitment-coordinator-at-hire-hangar-global-4456151381,Junior Recruitment Coordinator,,scraped,2026-08-19T22:11:41.050803,
0f43f807d0d652e2,https://py.linkedin.com/jobs/view/business-development-representative-latin-america-remote-position-at-bluelight-4455782183,"Business Development Representative, Latin America, Remote position",Bluelight,posted,2026-08-19T22:11:49.527263,1004
88feab9bb1708e8a,https://py.linkedin.com/jobs/view/senior-people-payroll-operations-specialist-at-apply-4455380092,Senior People & Payroll Operations Specialist,,scraped,2026-08-19T22:12:06.070719,
b4293aa7580dc880,https://py.linkedin.com/jobs/view/ai-and-transport-digital-transformation-consultant-at-inter-american-development-bank-4451757068,AI and Transport Digital Transformation Consultant,Banco Interamericano de Desarrollo,posted,2026-08-19T22:12:19.709686,1006
98b9e128b4802c11,https://py.linkedin.com/jobs/view/consumer-insights-digital-analytics-at-sgf-global-4456327872,Consumer Insights & Digital Analytics,SGF Global,posted,2026-08-19T22:12:28.750051,1008
14979bedb19d111e,https://py.linkedin.com/jobs/view/project-coordinator-at-lula-4452849660,Project Coordinator,Lula,posted,2026-08-19T22:12:41.788859,1010
239c3ec1c24abe4c,https://py.linkedin.com/jobs/view/cocinero-at-hidrovias-do-brasil-4452526168,Cocinero,,scraped,2026-08-19T22:12:44.355418,
ab5c43bb2448cdf2,https://py.linkedin.com/jobs/view/analista-de-contabilidad-ita%C3%BA-invest-at-ita%C3%BA-paraguay-4455933866,Analista de Contabilidad - Itaú Invest,,scraped,2026-08-19T22:12:58.047212,
e7c4f58e61481915,https://py.linkedin.com/jobs/view/cen-consultor-estrat%C3%A9gico-neg%C3%B3cios-at-igua%C3%A7u-m%C3%A1quinas-agr%C3%ADcolas-4452566002,CEN - Consultor Estratégico Negócios,,scraped,2026-08-19T22:13:05.304367,
bf351a9c5eaf7964,https://py.linkedin.com/jobs/view/ejecutivo-de-ventas-canal-supermercado-at-nestl%C3%A9-4454828346,Ejecutivo de Ventas Canal Supermercado,Nestlé,posted,2026-08-19T22:13:20.186613,1012
401e7671cebc9fd6,https://py.linkedin.com/jobs/view/asesores-comerciales-at-la-patrona-py-4451724286,Asesores Comerciales,La Patrona py,posted,2026-08-19T22:13:31.667703,1014
9d96dd155f003b8c,https://py.linkedin.com/jobs/view/administrativo-contable-senior-con-ingl%C3%A9s-c1%2B-y-datos-presencial-asunci%C3%B3n-at-talent-connect-4454957314,Administrativo Contable Senior con inglés C1+ y datos - Presencial (Asunción),Talent Connect,posted,2026-08-19T22:13:40.685278,1016
616ae51ae22f6b76,https://py.linkedin.com/jobs/view/customer-success-representative-ganader%C3%ADa-agtech-at-ixorigue-4452825234,Customer Success Representative (Ganadería / AgTech),,scraped,2026-08-19T22:13:43.352890,
3cf76b2ccbdcee89,https://py.linkedin.com/jobs/view/asesor-inmobiliario-at-re-max-royal-paraguay-4450130865,Asesor inmobiliario,RE/MAX ROYAL Paraguay,posted,2026-08-19T22:13:56.148010,788
88c8a10e6395c490,https://py.linkedin.com/jobs/view/asesor-comercial-at-lavoro-4452522241,ASESOR COMERCIAL,LAVORO,posted,2026-08-19T22:14:07.353004,1018
a5dfe58b7169cb12,https://py.linkedin.com/jobs/view/analista-de-com%C3%A9rcio-exterior-at-globalwing-4452884123,Analista de comércio exterior,Globalwing International,posted,2026-08-19T22:14:24.716906,1020
1211845f34e56099,https://py.linkedin.com/jobs/view/ejecutivo-comercial-at-propio-paraguay-4453467716,Ejecutivo comercial,,scraped,2026-08-19T22:14:27.280993,
d7bbfdd3a97f0c2f,https://py.linkedin.com/jobs/view/representante-de-ventas-mercado-domestico-at-louis-dreyfus-company-4446218943,REPRESENTANTE DE VENTAS MERCADO DOMESTICO,Louis Dreyfus Company,posted,2026-08-19T22:14:39.824887,584
4eab54b54a19a3c7,https://py.linkedin.com/jobs/view/semi-senior-java-c%2B%2B-developer-at-talan-4454012273,Semi Senior Java/C++ Developer,,scraped,2026-08-19T22:14:42.383638,
3aa89c45e413428b,https://py.linkedin.com/jobs/view/implementation-consultant-at-inair-4454862945,Implementation Consultant,InAir,posted,2026-08-19T22:14:54.577363,1022
8bace38f8408d7d7,https://py.linkedin.com/jobs/view/asistente-de-unidad-servicio-al-cliente-paraguay-at-grupo-tigre-4453479879,Asistente de Unidad Servicio al Cliente - Paraguay,,scraped,2026-08-19T22:14:59.278688,
bb65bc8be444480f,https://py.linkedin.com/jobs/view/ejecutivo-comercial-at-nextgen-py-4310746153,Ejecutivo comercial,,scraped,2026-08-19T22:15:07.971405,
71751761e400d816,https://py.linkedin.com/jobs/view/asesor-comercial-inmobiliario-at-arquitectonica-srl-4452810675,Asesor Comercial Inmobiliario,,scraped,2026-08-19T22:15:21.282822,
6996c9f011cf6d44,https://py.linkedin.com/jobs/view/pasante-at-emprend%C3%A9-seguro-pro-abogados-4452282583,Pasante,Emprendé Seguro PRO Abogados,posted,2026-08-19T22:15:38.946077,1024
04a35ce448573eb1,https://py.linkedin.com/jobs/view/management-support-executive-officer-sb-at-cgp-solutions-4453730773,Management Support/Executive Officer (SB),,scraped,2026-08-19T22:15:41.470512,
f7298f16544f4a05,https://py.linkedin.com/jobs/view/talent-quality-auditor-remote-work-at-bairesdev-4455436081,Talent Quality Auditor - Remote Work,BairesDev,posted,2026-08-19T22:15:49.913503,506
7472d0c2a3aa36a4,https://py.linkedin.com/jobs/view/workday-consultant-remote-work-ref%23301186-at-bairesdev-4455969521,Workday Consultant - Remote work | REF#301186,BairesDev,posted,2026-08-19T22:15:58.854573,1026
f3bcb5a755244717,https://py.linkedin.com/jobs/view/skills-role-content-specialist-remote-work-at-bairesdev-4455441590,Skills & Role Content Specialist - Remote Work,BairesDev,posted,2026-08-19T22:16:03.914517,98
f73b3bb058fb1546,https://py.linkedin.com/jobs/view/recruiting-analyst-remote-work-at-bairesdev-4455416249,Recruiting Analyst - Remote Work,BairesDev,posted,2026-08-19T22:16:08.992631,970
0ee97aad207f251c,https://py.linkedin.com/jobs/view/corporate-travel-and-mobility-agent-remote-work-at-bairesdev-4454759709,Corporate Travel and Mobility Agent - Remote Work,BairesDev,posted,2026-08-19T22:16:13.760250,272
9ac6013190016dcc,https://py.linkedin.com/jobs/view/hiring-journey-analyst-remote-work-at-bairesdev-4454750558,Hiring Journey Analyst - Remote Work,BairesDev,posted,2026-08-19T22:16:18.806176,244
026e256bbec7e754,https://py.linkedin.com/jobs/view/go-to-market-engineer-remote-work-ref%23301419-at-bairesdev-4455973429,Go-to-Market Engineer - Remote Work | REF#301419,BairesDev,posted,2026-08-19T22:16:27.662258,1028
d4c4040f7027828b,https://py.linkedin.com/jobs/view/business-development-representative-latin-america-remote-position-at-bluelight-4455788120,"Business Development Representative, Latin America, Remote position",Bluelight,posted,2026-08-19T22:16:32.429652,1004
39a6ac9ed857aa68,https://py.linkedin.com/jobs/view/load-test-engineer-remote-work-ref%23301131-at-bairesdev-4455967562,Load Test Engineer - Remote Work | REF#301131,BairesDev,posted,2026-08-19T22:16:41.690420,1030
d167311527ad6b88,https://py.linkedin.com/jobs/view/agile-business-analyst-remote-work-ref%23301613-at-bairesdev-4455979376,Agile Business Analyst - Remote Work | REF#301613,BairesDev,posted,2026-08-19T22:16:50.905853,1032
3a71c2754923cdff,https://py.linkedin.com/jobs/view/application-security-engineer-checkmarx-sast-remote-work-ref%23298335-at-bairesdev-4455983262,Application Security Engineer (Checkmarx / SAST) - Remote Work | REF#298335,BairesDev,posted,2026-08-19T22:16:55.547322,424
67769e9a6edfaaef,https://py.linkedin.com/jobs/view/iac-engineer-remote-work-ref%23301037-at-bairesdev-4455977348,IaC Engineer - Remote Work | REF#301037,BairesDev,posted,2026-08-19T22:17:10.472746,1034
19b44be31a2da0fd,https://py.linkedin.com/jobs/view/principal-architect-remote-work-ref%23301307-at-bairesdev-4455977364,Principal Architect - Remote Work | REF#301307,BairesDev,posted,2026-08-19T22:17:21.683021,1036
11cda65c240ba887,https://py.linkedin.com/jobs/view/solidity-developer-remote-work-ref%23301259-at-bairesdev-4455985329,Solidity Developer - Remote work | REF#301259,BairesDev,posted,2026-08-19T22:17:31.057554,1038
08397c4fa2d8cd65,https://py.linkedin.com/jobs/view/aws-devops-engineer-remote-work-ref%23301551-at-bairesdev-4455988098,AWS DevOps Engineer - Remote work | REF#301551,BairesDev,posted,2026-08-19T22:17:40.275810,1040
00486943c064a956,https://py.linkedin.com/jobs/view/analista-de-procesos-de-negocio-trabajo-remoto-at-bairesdev-4454297651,Analista de Procesos de Negocio - Trabajo Remoto,BairesDev,posted,2026-08-19T22:17:49.496557,1042
3a47d009b3d2cc2d,https://py.linkedin.com/jobs/view/project-manager-remote-work-at-bairesdev-4455438674,Project Manager - Remote Work,BairesDev,posted,2026-08-19T22:17:54.312640,324
7a6e116e3b6a570d,https://py.linkedin.com/jobs/view/project-manager-remote-work-at-bairesdev-4455407000,Project Manager - Remote Work,BairesDev,scraped,2026-08-19T22:17:58.350157,
907f8e724982c51e,https://py.linkedin.com/jobs/view/analista-jr-de-operaciones-mar%C3%ADtimas-y-a%C3%A9reas-at-jauser-paraguay-soluciones-log%C3%ADsticas-4453745977,Analista Jr de Operaciones Marítimas y Aéreas,,scraped,2026-08-19T22:18:00.922093,
44b3774b79da45f5,https://py.linkedin.com/jobs/view/project-manager-senior-remote-work-at-bairesdev-4454933007,Project Manager Senior - Remote Work,BairesDev,posted,2026-08-19T22:18:12.099799,818
3b1c13d47ec2fc45,https://py.linkedin.com/jobs/view/lead-data-engineer-sql-remote-work-ref%23301474-at-bairesdev-4455981338,Lead Data Engineer (SQL) - Remote Work | REF#301474,BairesDev,posted,2026-08-19T22:18:20.933398,1044
96b2b2531826d0d8,https://py.linkedin.com/jobs/view/sales-executive-for-campus-live-remote-work-at-bairesdev-4454771470,Sales Executive for Campus Live - Remote Work,BairesDev,posted,2026-08-19T22:18:25.680462,298
935775e3039ca6c4,https://py.linkedin.com/jobs/view/hairdressers-for-norway-at-eutalents-4452763616,Hairdressers for Norway,,scraped,2026-08-19T22:18:30.280435,
4ef13aeb7299bd4d,https://py.linkedin.com/jobs/view/senior-security-automation-engineer-remote-work-ref%23301421-at-bairesdev-4455973433,Senior Security Automation Engineer - Remote Work | REF#301421,BairesDev,posted,2026-08-19T22:18:43.096135,1046
660e76606e665073,https://py.linkedin.com/jobs/view/senior-lims-engineer-remote-work-ref%23301741-at-bairesdev-4455980353,Senior LIMS Engineer - Remote Work | REF#301741,BairesDev,posted,2026-08-19T22:18:52.034321,1048
4380f86f39533b1b,https://py.linkedin.com/jobs/view/accounts-payable-executive-at-cgp-solutions-4454705420,Accounts Payable Executive,,scraped,2026-08-19T22:19:02.593274,
30a34932184fe70f,https://py.linkedin.com/jobs/view/ibmi-engineer-remote-work-ref%23301211-at-bairesdev-4455965824,IBMi Engineer - Remote work | REF#301211,BairesDev,posted,2026-08-21T22:09:59.691732,1050
73cdae9723cfff7a,https://py.linkedin.com/jobs/view/ejecutivo-comercial-senior-at-record-electric-saeca-4456019022,Ejecutivo Comercial Senior,,scraped,2026-08-21T22:10:02.295196,
634a2fc465f6a08c,https://py.linkedin.com/jobs/view/senior-seo-account-manager-at-veta-virtual-4456042767,Senior SEO Account Manager,,scraped,2026-08-21T22:10:14.126743,
7cabd9c23868a7c0,https://py.linkedin.com/jobs/view/director-corporativo-at-comunidad-deportiva%E2%84%A2-4453479314,Director corporativo,Comunidad Deportiva™,posted,2026-08-21T22:10:32.744422,1052
c0aa69e17e6632b8,https://py.linkedin.com/jobs/view/junior-project-manager-at-kensington-media-house-4454700549,Junior Project Manager,,scraped,2026-08-21T22:10:35.294824,
3c70537d411c6b0f,https://py.linkedin.com/jobs/view/project-manager-at-logicalis-latam-4457509717,Project Manager,,scraped,2026-08-21T22:10:43.844950,
6761633adef3fd5b,https://py.linkedin.com/jobs/view/hr-manager-%E2%80%93-automotive-greenfield-plant-at-pkc-group-4457080997,HR Manager –  Automotive greenfield plant,,scraped,2026-08-21T22:10:51.208389,
bc63a6ef931e514a,https://py.linkedin.com/jobs/view/regional-finance-analyst-at-rhenus-logistics-4456267217,Regional Finance Analyst,,scraped,2026-08-21T22:10:58.548429,
19abe19fe320f8ee,https://py.linkedin.com/jobs/view/ejecutivo-corporativo-at-manpowergroup-4453896909,Ejecutivo corporativo,ManpowerGroup,posted,2026-08-21T22:11:13.215751,1054
80fdf397f0ea2e50,https://py.linkedin.com/jobs/view/ejecutivo-comercial-at-propio-paraguay-4454126689,Ejecutivo comercial,,scraped,2026-08-21T22:11:17.799010,
65852a58d07c2ae1,https://py.linkedin.com/jobs/view/consultor-de-busqueda-y-selecci%C3%B3n-at-lavoro-4454146716,CONSULTOR DE BUSQUEDA Y SELECCIÓN,LAVORO,posted,2026-08-21T22:11:32.484127,1056
eb9aca8dc872eb17,https://py.linkedin.com/jobs/view/jefe-de-ventas-at-grupo-dipsa-4454649557,Jefe De Ventas,Grupo DIPSA,posted,2026-08-21T22:11:42.391798,1058
2133515e25bc83fa,https://py.linkedin.com/jobs/view/asesor-comercial-at-life-academy-4454641120,Asesor Comercial,Life Academy,posted,2026-08-21T22:11:49.372902,1018
ca81a6506ae30ca9,https://py.linkedin.com/jobs/view/search-analyst-at-nestl%C3%A9-4457373734,Search Analyst,Nestlé,posted,2026-08-21T22:12:02.948995,1060
eaa60df64e0bebdc,https://py.linkedin.com/jobs/view/asesor-inmobiliario-at-propio-paraguay-4454647429,Asesor Inmobiliario,,scraped,2026-08-21T22:12:05.563419,
0b4532dbf4b797ab,https://py.linkedin.com/jobs/view/project-management-support-senior-associate-at-unops-4454136126,Project Management Support - Senior Associate,,scraped,2026-08-21T22:12:11.977008,
a3b37e63f16fdd18,https://py.linkedin.com/jobs/view/auxiliar-de-seguridad-y-salud-ocupacional-at-jauser-paraguay-soluciones-log%C3%ADsticas-4453762029,Auxiliar de Seguridad y Salud Ocupacional,,scraped,2026-08-21T22:12:19.853071,
b6e5cb4760a80b41,https://py.linkedin.com/jobs/view/qa-automation-engineer-at-applaudo-4456760389,QA Automation Engineer,,scraped,2026-08-21T22:12:28.764777,
4dda51279703b243,https://py.linkedin.com/jobs/view/profesor-de-historia-del-paraguay-y-sistemas-pol%C3%ADticos-at-the-american-school-of-asuncion-4445038485,Profesor de Historia del Paraguay y Sistemas Políticos,,scraped,2026-08-21T22:12:35.215790,
2647cb1df0e4e36a,https://py.linkedin.com/jobs/view/analista-de-desarrollo-analitico-farmaceutico-at--4454656972,Analista de desarrollo analitico farmaceutico,.,posted,2026-08-21T22:12:51.585609,1062
09a9ee0cc8ee97b4,https://py.linkedin.com/jobs/view/proyectista-industrial-at-record-electric-saeca-4456014041,Proyectista Industrial,,scraped,2026-08-21T22:12:54.129651,
61959d79d33476f9,https://py.linkedin.com/jobs/view/dise%C3%B1ador-web-dise%C3%B1o-visual-y-maquetaci%C3%B3n-front-at-opinator-4456708932,Diseñador Web (Diseño Visual y Maquetación Front),,scraped,2026-08-21T22:13:08.035065,
f28ac43e655d6b28,https://py.linkedin.com/jobs/view/agente-de-promoci%C3%B3n-m%C3%A9dica-at-la-qu%C3%ADmica-farmac%C3%A9utica-s-a-4454649357,Agente de Promoción Médica,,scraped,2026-08-21T22:13:15.171481,
023d2f9ffd8615a1,https://py.linkedin.com/jobs/view/idb-invest-financial-analyst-consultant-at-idb-invest-4452528576,IDB Invest- Financial Analyst Consultant,BID Invest,posted,2026-08-21T22:13:32.125898,1064
0d861d6b8162c6ac,https://py.linkedin.com/jobs/view/electromec%C3%A1nico-linea-envasado-at-bebidas-del-paraguay-4454289536,Electromecánico Linea Envasado,,scraped,2026-08-21T22:13:34.649480,
65f585d83acdd4c1,https://py.linkedin.com/jobs/view/asesor-t%C3%A9cnico-comercial-higiene-e-inocuidad-industrial-at-la-offi-s-a-4454121738,Asesor Técnico Comercial - Higiene e Inocuidad Industrial,,scraped,2026-08-21T22:13:41.759542,
84dc6f073821cd06,https://py.linkedin.com/jobs/view/soporte-industrial-chino-mandarin-4454639398,Soporte Industrial Chino Mandarin,Actus & Asociados S.A.,posted,2026-08-21T22:13:58.421800,1066
e6bd7be0aa63db0f,https://py.linkedin.com/jobs/view/logistics-manager-%E2%80%93-automotive-greenfield-plant-at-pkc-group-4457099577,Logistics Manager  –  Automotive/greenfield plant,,scraped,2026-08-21T22:14:00.989072,
00a31f121f8ce3fe,https://py.linkedin.com/jobs/view/quality-assurance-automation-engineer-at-signify-technology-4452296508,Quality Assurance Automation Engineer,,scraped,2026-08-21T22:14:12.000704,
d1cc24b829ba5b1f,https://py.linkedin.com/jobs/view/railways-specialist-at-ntu-international-a-s-4456319140,Railways Specialist,,scraped,2026-08-21T22:14:22.626478,
2be723b2bb15971a,https://py.linkedin.com/jobs/view/semi-senior-java-c%2B%2B-developer-at-talan-4456499684,Semi Senior Java/C++ Developer,,scraped,2026-08-21T22:14:31.866038,
161c60213253f0b2,https://py.linkedin.com/jobs/view/senior-performance-engineer-remote-work-ref%23301119-at-bairesdev-4455965833,Senior Performance Engineer - Remote work | REF#301119,BairesDev,posted,2026-08-21T22:14:48.779148,1068
d82da8af6b8d8200,https://py.linkedin.com/jobs/view/backend-engineer-healthcare-remote-work-ref%23301229-at-bairesdev-4455969510,Backend Engineer (Healthcare) - Remote Work | REF#301229,BairesDev,posted,2026-08-21T22:15:00.427862,1070
18e55673bb1c1444,https://py.linkedin.com/jobs/view/senior-platform-architect-remote-work-ref%23301384-at-bairesdev-4455976406,Senior Platform Architect - Remote Work | REF#301384,BairesDev,posted,2026-08-21T22:15:12.704854,1072
647f725a2c92ea93,https://py.linkedin.com/jobs/view/product-security-engineer-remote-work-ref%23298279-at-bairesdev-4455977334,Product Security Engineer - Remote Work | REF#298279,BairesDev,posted,2026-08-21T22:15:17.616604,420
d625f37f61301a00,https://py.linkedin.com/jobs/view/full-stack-developer-react-%2B-nestjs-remote-work-ref%23301004-at-bairesdev-4455983274,Full-Stack Developer (React + NestJS) - Remote Work | REF#301004,BairesDev,posted,2026-08-21T22:15:29.544123,1074
a7a20d553697f0aa,https://py.linkedin.com/jobs/view/delivery-manager-remote-work-at-bairesdev-4455682579,Delivery Manager - Remote Work,BairesDev,posted,2026-08-21T22:15:34.738235,758
593eb3b7096fbf93,https://py.linkedin.com/jobs/view/seo-specialist-remote-work-ref%23301353-at-bairesdev-4455970458,SEO Specialist - Remote work | REF#301353,BairesDev,posted,2026-08-21T22:15:49.180609,1076
13ab246a1a633f3d,https://py.linkedin.com/jobs/view/project-manager-it-remote-work-at-bairesdev-4456008396,Project Manager (IT) - Remote Work,BairesDev,posted,2026-08-21T22:15:57.610067,1078
cfa3e37ad7c22c62,https://py.linkedin.com/jobs/view/oci-architect-remote-work-ref%23301032-at-bairesdev-4455988062,OCI Architect - Remote Work | REF#301032,BairesDev,posted,2026-08-21T22:16:07.492982,1080
9833721a2f9527f2,https://py.linkedin.com/jobs/view/semi-senior-project-manager-remote-work-at-bairesdev-4455457674,Semi Senior Project Manager - Remote Work,BairesDev,posted,2026-08-21T22:16:18.219234,1082
5bf857c7d4f95bfd,https://py.linkedin.com/jobs/view/lead-product-designer-remote-work-ref%23301289-at-bairesdev-4455986276,Lead Product Designer - Remote work | REF#301289,BairesDev,posted,2026-08-21T22:16:27.742083,1084
5c0bdfc6dad4561e,https://py.linkedin.com/jobs/view/sap-mm-consultant-remote-work-ref%23301162-at-bairesdev-4455985310,SAP MM Consultant - Remote Work | REF#301162,BairesDev,posted,2026-08-21T22:16:39.748439,1086
a6012c59b1a4c8a5,https://py.linkedin.com/jobs/view/senior-it-project-manager-remote-work-at-bairesdev-4456025041,Senior IT Project Manager - Remote Work,BairesDev,posted,2026-08-21T22:16:48.549652,762
c1406652a07494bb,https://py.linkedin.com/jobs/view/crm-manager-remote-work-at-bairesdev-4456045165,CRM Manager - Remote Work,BairesDev,posted,2026-08-21T22:16:53.511071,652
e820b686727136f6,https://py.linkedin.com/jobs/view/crm-manager-remote-work-at-bairesdev-4456032240,CRM Manager - Remote Work,BairesDev,posted,2026-08-21T22:16:58.534249,652
56e6f7b257febf75,https://py.linkedin.com/jobs/view/healthcare-data-analyst-remote-work-ref%23301689-at-bairesdev-4455979377,Healthcare Data Analyst - Remote Work | REF#301689,BairesDev,posted,2026-08-21T22:17:16.454680,1088
a708a9a3e90ea614,https://py.linkedin.com/jobs/view/scrum-master-remote-work-at-bairesdev-4455427077,Scrum Master - Remote Work,BairesDev,posted,2026-08-21T22:17:22.231673,162
7bbe5220c47b836b,https://py.linkedin.com/jobs/view/analista-de-marketing-y-performance-at-nestl%C3%A9-4456764124,Analista de Marketing y Performance,Nestlé,posted,2026-08-21T22:17:34.001918,1090
be2c22315c4ceeb8,https://py.linkedin.com/jobs/view/google-cloud-devops-engineer-temporary-contract-at-applaudo-4456434586,Google Cloud DevOps Engineer (Temporary Contract),,scraped,2026-08-21T22:17:38.662387,
d4feeb811b463102,https://py.linkedin.com/jobs/view/asistente-de-deposito-villeta-py-at-the-mosaic-company-4456045551,Asistente de Deposito - Villeta/PY,The Mosaic Company,posted,2026-08-21T22:17:52.671658,1092
44c7e9473d06e69f,https://py.linkedin.com/jobs/view/business-development-representative-latin-america-remote-position-at-bluelight-4458150009,"Business Development Representative, Latin America, Remote position",Bluelight,posted,2026-08-23T22:02:59.437603,1004
e7e0be8905808d53,https://py.linkedin.com/jobs/view/dise%C3%B1ador-de-sistemas-el%C3%A9ctricos-at-santa-monica-consultora-4454638111,Diseñador de sistemas eléctricos,Santa Monica Consultora,posted,2026-08-23T22:03:18.621301,1094
46045e0110d66c65,https://py.linkedin.com/jobs/view/digital-marketing-strategist-at-virtustant-4455083984,Digital Marketing Strategist,Virtustant,posted,2026-08-23T22:03:31.473651,1096
5d1b2fbb20315ddc,https://py.linkedin.com/jobs/view/supervisor-de-confiabilidad-planificador-programador-de-mantenimiento-compa%C3%B1%C3%ADa-internacional-con-la-cultura-de-buenas-pr%C3%A1cticas-del-sector-de-agronegocios-con-base-en-asuncion-at-mabel-riart-consulting-4454652448,"Supervisor de Confiabilidad (planificador/programador de mantenimiento), Compañía Internacional con la cultura de ""Buenas Prácticas"" del Sector de Agronegocios, con base en Asuncion",,scraped,2026-08-23T22:03:36.119708,
97693a2c3bbe4498,https://py.linkedin.com/jobs/view/regional-finance-analyst-at-rhenus-logistics-4456229065,Regional Finance Analyst,,scraped,2026-08-23T22:03:42.180478,
b0f084ad4a44d6a7,https://py.linkedin.com/jobs/view/asistente-t%C3%A9cnico-a-comercial-at-record-electric-saeca-4456618721,Asistente Técnico/a Comercial,,scraped,2026-08-23T22:03:54.597687,
8474ab2edbfa4b24,https://py.linkedin.com/jobs/view/representante-de-field-service-despacho-b2b-at-millicom-tigo-4456370179,Representante de Field Service Despacho B2B,,scraped,2026-08-23T22:04:10.491043,
68020fc85b994ce4,https://py.linkedin.com/jobs/view/analista-de-rr-hh-at-ja-dialog-paraguay-4454638389,Analista de RR. HH.,,scraped,2026-08-23T22:04:16.892167,
0b29b2b08ceba41a,https://py.linkedin.com/jobs/view/asesor-de-ventas-comerciales-at-aceros-metal-roldan-e-hijos-4452276981,Asesor de ventas comerciales,Aceros Metal Roldan e Hijos,posted,2026-08-23T22:04:38.183458,1098
4f4134962e4a0e98,https://py.linkedin.com/jobs/view/desarrollador-de-software-java-at-opinator-4456716010,Desarrollador de Software Java,,scraped,2026-08-23T22:04:46.808895,
9c64ee98008e9f8e,https://py.linkedin.com/jobs/view/t%C3%A9cnico-mec%C3%A2nico-at-igua%C3%A7u-m%C3%A1quinas-agr%C3%ADcolas-4454697319,Técnico mecânico,,scraped,2026-08-23T22:04:56.120111,
bdd78c62a3ae6738,https://py.linkedin.com/jobs/view/agente-inmobiliario-independiente-at-re-max-genesis-paraguay-4453882543,AGENTE INMOBILIARIO INDEPENDIENTE,,scraped,2026-08-23T22:05:04.940915,
8179c37c60c84443,https://py.linkedin.com/jobs/view/accounting-and-finance-senior-analyst-at-van-hessen-4455780132,Accounting and Finance Senior Analyst,,scraped,2026-08-23T22:05:11.713511,
00f5d99084505636,https://py.linkedin.com/jobs/view/enterprise-sales-at-ai-world-congress-4456435141,Enterprise Sales,America Digital,posted,2026-08-23T22:05:27.426466,1100
86f519d9966ec114,https://py.linkedin.com/jobs/view/consultor-de-la-propiedad-inmobiliaria-at-sgf-global-4455920423,Consultor de la propiedad inmobiliaria,SGF Global,posted,2026-08-23T22:05:36.596436,1102
40ee9f8b299af90a,https://py.linkedin.com/jobs/view/aprendiz-de-marketing-at-datapar-s-a-4454655255,Aprendiz de Marketing,,scraped,2026-08-23T22:05:41.185446,
a33352ebf247f3a4,https://py.linkedin.com/jobs/view/experienced-spanish-interpreter-latam-at-kreato-global-bpo-and-language-solutions-4454659164,Experienced Spanish Interpreter  (LATAM),Kreato Global | BPO and Language Solutions,posted,2026-08-23T22:05:51.786659,522
db60c6307a0a15a7,https://py.linkedin.com/jobs/view/asesor-comercial-telefonico-at-evoltis-4454649354,Asesor Comercial Telefonico,,scraped,2026-08-23T22:05:56.593593,
86e7c07c7fb1b930,https://py.linkedin.com/jobs/view/mid-senior-full-stack-engineer-java-python-%2B-react-typescript-aws-latam-at-athenaworks-4455615887,"Mid-Senior Full-Stack Engineer (Java /Python + React, TypeScript, AWS) -LATAM",Athenaworks,posted,2026-08-23T22:06:10.551423,1104
05a0857ede0eca60,https://py.linkedin.com/jobs/view/fraud-risk-commercial-partner-at-forsvar-4453805409,Fraud & Risk Commercial Partner,,scraped,2026-08-23T22:06:13.191845,
575633d327b225a0,https://py.linkedin.com/jobs/view/socio-de-canal-seguros-de-salud-paraguay-at-inspector-ai-4456727180,"Socio de Canal, Seguros de Salud - Paraguay",Inspector AI,posted,2026-08-23T22:06:28.562061,1106
0dc1529fb57cc618,https://py.linkedin.com/jobs/view/devops-sysadmin-remote-work-ref%23301059-at-bairesdev-4455980320,DevOps/SysAdmin - Remote Work | REF#301059,BairesDev,posted,2026-08-23T22:06:39.739519,1108
d408a97a26e1284f,https://py.linkedin.com/jobs/view/qa-specialist-remote-work-ref%23301333-at-bairesdev-4455986267,QA Specialist - Remote work | REF#301333,BairesDev,posted,2026-08-23T22:06:50.820011,1110
96e811b38446bde4,https://py.linkedin.com/jobs/view/recruiting-manager-remote-work-at-bairesdev-4455690626,Recruiting Manager - Remote Work,BairesDev,posted,2026-08-23T22:06:55.704146,246
43fa59ade8c16836,https://py.linkedin.com/jobs/view/applied-scientist-nlp-remote-work-ref%23300930-at-bairesdev-4455988049,Applied Scientist (NLP) - Remote Work | REF#300930,BairesDev,posted,2026-08-23T22:07:05.757067,1112
f351e73bb0900dd7,https://py.linkedin.com/jobs/view/marketing-specialist-remote-work-at-bairesdev-4455464311,Marketing Specialist - Remote Work,BairesDev,posted,2026-08-23T22:07:10.815813,928
3a5bc12c383a5204,https://py.linkedin.com/jobs/view/application-security-engineer-checkmarx-sast-trabajo-remoto-ref%23298347-at-bairesdev-4455971437,Application Security Engineer (Checkmarx / SAST) - Trabajo Remoto | REF#298347,BairesDev,posted,2026-08-23T22:07:15.962051,418
3d5e061034d3f34f,https://py.linkedin.com/jobs/view/application-security-engineer-checkmarx-sast-remote-work-ref%23298313-at-bairesdev-4455965822,Application Security Engineer (Checkmarx / SAST) - Remote Work | REF#298313,BairesDev,posted,2026-08-23T22:07:22.991088,494
162c0aa14aedc0f3,https://py.linkedin.com/jobs/view/senior-ai-engineer-python-llms-remote-work-ref%23301493-at-bairesdev-4455984337,"Senior AI Engineer (Python, LLMs) - Remote Work | REF#301493",BairesDev,posted,2026-08-23T22:07:32.149916,1114
67328ac9a62da683,https://py.linkedin.com/jobs/view/marketing-content-specialist-remote-work-at-bairesdev-4455460353,Marketing Content Specialist - Remote Work,BairesDev,posted,2026-08-23T22:07:42.538866,1116
e9441b9291b567ae,https://py.linkedin.com/jobs/view/qa-technical-lead-remote-work-ref%23301098-at-bairesdev-4455972475,QA Technical Lead - Remote Work | REF#301098,BairesDev,posted,2026-08-23T22:07:51.983087,1118
a4ec2db9bef12268,https://py.linkedin.com/jobs/view/senior-devsecops-engineer-remote-work-ref%23301081-at-bairesdev-4455966612,Senior DevSecOps Engineer - Remote Work | REF#301081,BairesDev,posted,2026-08-23T22:08:04.376468,1120
965726924a3d3ccb,https://py.linkedin.com/jobs/view/senior-project-manager-at-apply-4455766456,Senior Project Manager,,scraped,2026-08-23T22:08:11.008507,
f7febb14a965b651,https://py.linkedin.com/jobs/view/ejecutivo-a-de-ventas-de-tecnolog%C3%ADa-cloud-y-ciberseguridad-at-sgf-global-4455739927,Ejecutivo/a de Ventas de Tecnología (Cloud y Ciberseguridad),SGF Global,posted,2026-08-23T22:08:28.276889,1122
444abbb2e49d3d2f,https://py.linkedin.com/jobs/view/appointment-setter-at-virtustant-4456956548,Appointment Setter,Virtustant,posted,2026-08-25T22:12:11.208562,1124
286f4eaf59756a7d,https://py.linkedin.com/jobs/view/workday-analyst-%E2%80%93-payroll-time-tracking-remote-work-at-bairesdev-4457496720,Workday Analyst – Payroll & Time Tracking - Remote Work,BairesDev,posted,2026-08-25T22:12:20.478989,1126
57d69350d313a060,https://py.linkedin.com/jobs/view/mobile-paid-media-growth-manager-app-campaigns-at-idt-corporation-4456766461,Mobile Paid Media/Growth Manager (App Campaigns),IDT Corporation,posted,2026-08-25T22:12:31.986220,1128
d4951b0eaffc0813,https://py.linkedin.com/jobs/view/gestor-at-jauser-paraguay-soluciones-log%C3%ADsticas-4457199595,Gestor,,scraped,2026-08-25T22:12:36.682379,
f850c917bfd2980a,https://py.linkedin.com/jobs/view/aviation-specialist-at-ntu-international-a-s-4458220361,Aviation Specialist,,scraped,2026-08-25T22:12:46.082996,
9e1163a50446bdd6,https://py.linkedin.com/jobs/view/performance-analyst-at-altamira-group-4455897036,Performance Analyst,,scraped,2026-08-25T22:12:53.454153,
4a6ac6f47c9a9eed,https://py.linkedin.com/jobs/view/idb-invest-asset-liability-management-consultant-at-idb-invest-4458224803,IDB Invest - Asset Liability Management Consultant,BID Invest,posted,2026-08-25T22:13:11.573639,1130
61bed3b76f686ad3,https://py.linkedin.com/jobs/view/operario-de-dep%C3%B3sito-at-bebidas-del-paraguay-4457117129,Operario de Depósito,,scraped,2026-08-25T22:13:14.140929,
c49a143e1eade546,https://py.linkedin.com/jobs/view/coordinador-de-auditor%C3%ADa-interna-at-agrof%C3%A9rtil-paraguay-4458285953,Coordinador de Auditoría Interna,Agrofértil S.A.,posted,2026-08-25T22:13:32.339248,1132
44765449884407b3,https://py.linkedin.com/jobs/view/analista-de-e-commerce-y-b%C3%BAsqueda-digital-seo-at-nestl%C3%A9-4457373734,Analista de E-commerce y Búsqueda Digital (SEO),Nestlé,posted,2026-08-25T22:13:43.817736,1134
694dcaeafdaff074,https://py.linkedin.com/jobs/view/qa-tester-at-clt-sa-4454663734,QA TESTER,CLT SA,posted,2026-08-25T22:13:54.729366,1136
850864d2c752ec43,https://py.linkedin.com/jobs/view/operador-de-producci%C3%B3n-ii-villeta-py-at-the-mosaic-company-4446440338,Operador de Producción II - Villeta/PY,The Mosaic Company,posted,2026-08-25T22:14:05.922202,1138
b09026688c2eb3f8,https://py.linkedin.com/jobs/view/asistente-de-deposito-villeta-py-at-the-mosaic-company-4454115813,Asistente de Deposito - Villeta/PY,The Mosaic Company,posted,2026-08-25T22:14:12.833916,1092
bdf43d9048cf6909,https://py.linkedin.com/jobs/view/telecobrador-at-bull-gestiones-servicio-de-cobranzas-4456950264,Telecobrador,,scraped,2026-08-25T22:14:15.451919,
e8473c797259d26a,https://py.linkedin.com/jobs/view/recepcionista-at-hotel-cecilia-4456942100,Recepcionista,Hotel Cecilia,posted,2026-08-25T22:14:33.458259,1140
a3af5cb3a681638b,https://py.linkedin.com/jobs/view/jefe-de-instalacion-de-muebles-at-lavoro-4456523750,JEFE DE INSTALACION DE MUEBLES,LAVORO,posted,2026-08-25T22:14:44.955632,1142
e460f78392edd785,https://py.linkedin.com/jobs/view/accounting-assistant-construction-at-agent-careers-4455464705,Accounting Assistant (Construction),Agent Careers,posted,2026-08-25T22:14:53.101867,1144
e3e4adfa4e640b7c,https://py.linkedin.com/jobs/view/desarrollador-tekla-at-metal%C3%BArgica-vera-s-r-l-4456924188,Desarrollador TEKLA,,scraped,2026-08-25T22:14:57.673498,
6ea68b1cafe241a3,https://py.linkedin.com/jobs/view/creador-audiovisual-at-bold-creativo-s-r-l-4456921116,Creador Audiovisual,,scraped,2026-08-25T22:15:10.645507,
5ed72ea41d273acf,https://py.linkedin.com/jobs/view/analista-comercial-at-abbott-4457592076,Analista Comercial,Abbott,posted,2026-08-25T22:15:25.888775,1146
2fb352f429ca3e9f,https://py.linkedin.com/jobs/view/supervisor-de-asesores-inmobiliarios-at-la-patrona-py-4456956878,Supervisor de asesores inmobiliarios,La Patrona py,posted,2026-08-25T22:15:36.258761,1148
b7aadf15d93ec5d2,https://py.linkedin.com/jobs/view/auxiliar-operativo-at-jauser-paraguay-soluciones-log%C3%ADsticas-4456055788,Auxiliar Operativo,,scraped,2026-08-25T22:15:38.869069,
49f5904486562c56,https://py.linkedin.com/jobs/view/idb-invest-development-impact-director-real-sector-operations-at-idb-invest-4458211907,IDB Invest - Development Impact Director - Real Sector Operations,BID Invest,posted,2026-08-25T22:15:52.432758,858
b8759634ff4efc3f,https://py.linkedin.com/jobs/view/encargado-de-proyecto-at-uninorte-4456957675,Encargado de proyecto,,scraped,2026-08-25T22:15:55.085926,
203543e7d740a15e,https://py.linkedin.com/jobs/view/ejecutivo-de-ventas-at-remax-guimar-4441078078,Ejecutivo de ventas,,scraped,2026-08-25T22:16:08.479282,
e66f1bbcae561954,https://py.linkedin.com/jobs/view/senior-automation-tester-in-js-at-epam-systems-4456866446,Senior Automation Tester in JS,EPAM Systems,posted,2026-08-25T22:16:17.822037,918
3ac0193244c77d75,https://py.linkedin.com/jobs/view/ejecutivo-corporativo-casa-de-bolsa-at-manpowergroup-4458763753,Ejecutivo corporativo - Casa de Bolsa,ManpowerGroup,posted,2026-08-25T22:16:27.580157,1150
d824d9038058ff42,https://py.linkedin.com/jobs/view/ejecutivo-comercial-at-starmedia-4455874164,Ejecutivo Comercial,,scraped,2026-08-25T22:16:34.275241,
227e0df6e60dc3a9,https://py.linkedin.com/jobs/view/vendedor-4456519067,Vendedor,Plasticos Pai Puku S.R.L.,posted,2026-08-25T22:16:45.417280,180
0efb557c65be1056,https://py.linkedin.com/jobs/view/ingeniero-de-infraestructura-at-confidential-careers-4455868753,Ingeniero de infraestructura,Confidential Careers,posted,2026-08-25T22:16:59.017085,1152
768a8c82df3fad44,https://py.linkedin.com/jobs/view/social-media-manager-at-virtustant-4456949548,Social Media Manager,Virtustant,posted,2026-08-25T22:17:12.230815,690
ccb58ac3893d32de,https://py.linkedin.com/jobs/view/english-teacher-pasant%C3%ADa-en-asunci%C3%B3n-at-grow-global-4456910607,English Teacher (Pasantía en Asunción),Grow Global,posted,2026-08-25T22:17:26.666902,1154
bb8a4bda944ddfd8,https://py.linkedin.com/jobs/view/contract-psychotherapist-psychologist-minor-care-specialization-at-spring-health-4458289019,(Contract) Psychotherapist / Psychologist (Minor Care Specialization),Spring Health,posted,2026-08-25T22:17:36.496344,1156
6189dcd7caadff23,https://py.linkedin.com/jobs/view/english-spanish-bilingual-speaker-voice-recording-remote-at-mindrift-data-annotation-projects-4458186185,English-Spanish Bilingual Speaker - Voice Recording (Remote),Mindrift Data Annotation Projects,posted,2026-08-25T22:17:50.869088,1158
6a45576b14b67c36,https://py.linkedin.com/jobs/view/devops-i%2Bd-trabajo-remoto-at-bairesdev-4457601082,DevOps / I+D - Trabajo Remoto,BairesDev,posted,2026-08-25T22:18:00.992630,1160
6c750cfc10f42cc9,https://py.linkedin.com/jobs/view/product-security-engineer-remote-work-ref%23298301-at-bairesdev-4455967565,Product Security Engineer - Remote Work | REF#298301,BairesDev,posted,2026-08-25T22:18:18.139830,416
d86a101343583b5c,https://py.linkedin.com/jobs/view/head-of-lending-at-millicom-tigo-4457041604,Head of Lending,,scraped,2026-08-25T22:18:24.783159,
2b70afc87d7f612b,https://py.linkedin.com/jobs/view/ai-engineer-remote-work-at-bairesdev-4457604780,AI Engineer - Remote Work,BairesDev,posted,2026-08-25T22:18:42.100106,1162
7b66c3e6afb388a6,https://py.linkedin.com/jobs/view/python-ai-engineer-remote-work-at-bairesdev-4457128219,Python AI Engineer - Remote Work,BairesDev,posted,2026-08-25T22:18:51.649915,1164
3a091722bf455423,https://py.linkedin.com/jobs/view/analista-de-business-intelligence-at-nestl%C3%A9-4456417144,Analista de Business Intelligence,Nestlé,posted,2026-08-25T22:19:02.880909,1166
77d3aca875966dc9,https://py.linkedin.com/jobs/view/backend-pleno-at-clt-sa-4456520120,Backend Pleno,CLT SA,posted,2026-08-25T22:19:14.341598,1168
153db3e9d93810c7,https://py.linkedin.com/jobs/view/analista-senior-de-retail-media-y-e-commerce-at-nestl%C3%A9-4457543099,Analista Senior de Retail Media y E-commerce,Nestlé,posted,2026-08-25T22:19:32.464139,1170
fba84b983e821e11,https://py.linkedin.com/jobs/view/senior-accountant-at-veta-virtual-4457406810,Senior Accountant,,scraped,2026-08-25T22:19:37.159809,
ac96bacff3a31358,https://py.linkedin.com/jobs/view/full-stack-laravel-%2B-react-developer-remote-latin-america-at-bluelight-4458596228,"Full Stack Laravel + React Developer - Remote, Latin America",Bluelight,posted,2026-08-25T22:19:50.572353,1172
a3b841ca3ffbbdce,https://py.linkedin.com/jobs/view/responsable-de-marketing-digital-y-redes-sociales-at-lavoro-4456960599,RESPONSABLE DE MARKETING DIGITAL Y REDES SOCIALES,LAVORO,posted,2026-08-25T22:19:59.164695,1174
42918d0727ab020f,https://py.linkedin.com/jobs/view/responsable-de-marketing-digital-y-redes-sociales-at-lavoro-4456532685,Responsable de Marketing Digital y Redes Sociales,LAVORO,posted,2026-08-25T22:20:04.675106,1174
c58c0342d27875c1,https://py.linkedin.com/jobs/view/senior-accounts-receivable-revenue-operations-specialist-at-veta-virtual-4457198884,Senior Accounts Receivable & Revenue Operations Specialist,,scraped,2026-08-25T22:20:07.316643,
468aa8712c642d90,https://py.linkedin.com/jobs/view/analista-senior-en-front-end-at-nestl%C3%A9-4458233914,Analista Senior en Front End,Nestlé,posted,2026-08-25T22:20:22.910075,1176
72fd67dca13003db,https://py.linkedin.com/jobs/view/asistente-de-contact-center-at-nestl%C3%A9-4458799230,Asistente de Contact Center,Nestlé,posted,2026-08-25T22:20:33.865941,1178
